record_id,age_group,age,weight,gender,region,smoking_status,exercise_frequency,bmi,blood_pressure,diabetes,hypertension,cholesterol_level,glucose_level,visit_date
PAT-100001,18-25,23,81,Female,West,Former Smoker,Never,16.5,119.2,False,False,238.7,106.0,2024-07-29
PAT-100002,60+,69,61,Female,East,Smoker,Weekly,16.7,139.5,False,True,193.9,85.9,2024-11-24
PAT-100003,60+,61,59,Female,West,Non-Smoker,Weekly,18.9,123.4,False,False,179.8,74.3,2024-11-19
PAT-100004,46-60,47,75,Female,East,Non-Smoker,Weekly,17.4,129.3,False,False,244.9,81.7,2024-08-16
PAT-100005,46-60,47,81,Female,East,Non-Smoker,Never,19.3,133.9,False,False,174.8,67.4,2024-01-14
PAT-100006,60+,75,70,Female,South,Former Smoker,Weekly,19.5,119.8,False,False,195.2,74.5,2024-02-23
PAT-100007,18-25,23,62,Male,North,Smoker,Rarely,16.2,117.7,False,False,206.5,101.0,2025-01-16
PAT-100008,60+,64,53,Female,South,Former Smoker,Weekly,22.0,138.3,False,True,160.1,86.5,2024-06-12
PAT-100009,26-35,31,52,Female,West,Former Smoker,Daily,18.3,114.8,False,False,208.6,108.7,2024-08-26
PAT-100010,18-25,24,56,Male,East,Non-Smoker,Rarely,16.7,103.7,False,False,202.7,83.9,2024-03-07
PAT-100011,46-60,53,79,Male,West,Non-Smoker,Daily,20.0,133.1,False,False,232.0,86.6,2024-02-06
PAT-100012,60+,83,83,Female,North,Non-Smoker,Rarely,22.4,127.9,True,False,229.6,96.1,2024-04-02
PAT-100013,60+,67,77,Male,North,Non-Smoker,Weekly,22.6,130.6,True,False,237.1,56.5,2024-10-02
PAT-100014,60+,68,50,Male,South,Non-Smoker,Rarely,20.1,130.5,False,False,195.1,89.5,2024-04-29
PAT-100015,60+,66,75,Male,South,Non-Smoker,Rarely,19.2,135.3,False,True,171.9,85.9,2024-06-17
PAT-100016,60+,70,76,Male,West,Former Smoker,Rarely,21.9,127.6,False,False,262.3,106.0,2024-08-08
PAT-100017,46-60,52,103,Male,South,Non-Smoker,Daily,18.9,119.1,False,False,147.8,97.9,2024-07-31
PAT-100018,26-35,26,52,Female,East,Non-Smoker,Rarely,16.8,115.0,False,False,143.0,71.5,2024-01-09
PAT-100019,60+,74,73,Male,East,Non-Smoker,Never,23.6,143.1,True,True,217.2,104.1,2024-03-26
PAT-100020,46-60,48,90,Female,South,Non-Smoker,Weekly,21.5,143.0,False,True,241.1,84.8,2025-11-24
PAT-100021,46-60,51,75,Female,West,Former Smoker,Weekly,25.1,115.9,False,False,199.0,79.2,2025-05-02
PAT-100022,36-45,42,84,Male,North,Smoker,Never,18.9,123.6,False,False,220.6,88.7,2024-03-31
PAT-100023,26-35,30,79,Male,North,Former Smoker,Weekly,20.3,109.0,False,False,127.1,84.7,2024-07-26
PAT-100024,60+,80,73,Female,East,Former Smoker,Rarely,22.0,144.4,False,True,187.0,106.7,2024-10-06
PAT-100025,60+,70,87,Male,East,Former Smoker,Rarely,22.9,125.7,True,False,142.8,92.8,2025-10-23
PAT-100026,60+,61,68,Male,South,Non-Smoker,Daily,20.1,123.0,False,False,219.7,89.5,2025-10-04
PAT-100027,36-45,44,80,Female,West,Former Smoker,Rarely,21.0,118.3,True,False,144.8,98.4,2025-07-16
PAT-100028,60+,73,53,Other,North,Non-Smoker,Rarely,21.4,132.8,True,False,161.6,101.0,2024-03-18
PAT-100029,46-60,54,73,Female,South,Non-Smoker,Weekly,24.0,130.9,False,False,209.6,98.8,2024-12-24
PAT-100030,46-60,47,80,Male,North,Smoker,Never,20.9,127.9,True,False,224.0,104.6,2024-12-19
PAT-100031,46-60,48,62,Female,North,Non-Smoker,Weekly,20.9,124.3,False,False,187.6,94.8,2025-04-10
PAT-100032,26-35,33,69,Female,East,Non-Smoker,Weekly,17.0,106.1,False,False,205.0,87.2,2025-09-08
PAT-100033,18-25,24,70,Male,East,Non-Smoker,Never,20.3,121.4,True,False,201.3,102.1,2024-08-22
PAT-100034,46-60,55,57,Female,East,Non-Smoker,Weekly,16.8,123.9,False,False,188.0,84.0,2025-02-10
PAT-100035,60+,77,73,Male,West,Former Smoker,Never,24.6,146.0,True,True,168.3,90.2,2024-07-11
PAT-100036,18-25,22,64,Male,North,Non-Smoker,Daily,23.0,110.8,False,False,201.5,109.5,2024-06-02
PAT-100037,60+,75,73,Female,East,Non-Smoker,Weekly,21.5,121.3,False,False,218.9,107.4,2024-08-16
PAT-100038,60+,73,64,Male,North,Smoker,Daily,15.1,129.3,False,False,226.7,84.0,2025-06-20
PAT-100039,36-45,36,86,Male,West,Non-Smoker,Rarely,19.6,129.7,False,False,198.2,81.3,2024-11-15
PAT-100040,46-60,60,55,Female,East,Non-Smoker,Rarely,21.8,130.4,True,False,160.9,105.6,2025-05-12
PAT-100041,26-35,29,63,Other,West,Non-Smoker,Never,19.2,115.1,False,False,207.4,96.1,2025-05-19
PAT-100042,60+,68,62,Female,East,Non-Smoker,Never,20.7,124.3,False,False,198.4,91.2,2024-09-21
PAT-100043,60+,64,85,Female,South,Former Smoker,Rarely,25.1,146.5,False,True,182.7,86.2,2025-11-28
PAT-100044,36-45,41,73,Other,East,Former Smoker,Rarely,21.0,113.7,False,False,181.5,91.6,2024-02-03
PAT-100045,18-25,22,75,Male,West,Non-Smoker,Rarely,21.9,110.0,True,False,163.9,87.9,2025-10-16
PAT-100046,60+,83,83,Male,North,Non-Smoker,Never,25.8,144.1,False,True,229.6,82.5,2024-01-06
PAT-100047,46-60,47,52,Male,West,Non-Smoker,Rarely,21.4,109.4,False,False,149.6,89.4,2024-10-06
PAT-100048,60+,77,77,Male,East,Non-Smoker,Never,23.3,146.1,False,True,171.3,92.2,2025-08-25
PAT-100049,60+,63,93,Female,North,Former Smoker,Weekly,25.7,137.5,False,True,187.0,85.9,2025-05-14
PAT-100050,60+,70,79,Male,West,Non-Smoker,Weekly,21.4,139.5,True,True,247.4,98.7,2024-08-22
PAT-100051,60+,68,78,Male,North,Former Smoker,Rarely,20.5,135.6,True,True,230.0,102.8,2025-10-08
PAT-100052,26-35,31,84,Male,East,Smoker,Weekly,24.7,119.4,False,False,138.1,101.5,2024-04-10
PAT-100053,36-45,42,88,Male,North,Smoker,Weekly,22.1,114.5,False,False,231.1,84.9,2025-05-04
PAT-100054,46-60,49,46,Female,North,Former Smoker,Never,19.0,122.4,False,False,233.2,95.5,2025-01-13
PAT-100055,46-60,51,57,Male,East,Former Smoker,Weekly,18.7,116.3,False,False,158.1,87.2,2024-05-31
PAT-100056,18-25,20,80,Male,East,Former Smoker,Weekly,17.9,116.6,False,False,108.4,70.9,2025-11-03
PAT-100057,46-60,54,69,Male,East,Former Smoker,Weekly,20.1,132.4,False,False,192.0,95.1,2025-07-12
PAT-100058,26-35,28,85,Female,South,Non-Smoker,Weekly,24.0,131.0,True,False,220.1,91.2,2024-01-07
PAT-100059,60+,67,66,Female,West,Non-Smoker,Rarely,21.8,134.5,True,False,245.8,119.2,2024-03-04
PAT-100060,60+,63,46,Female,North,Smoker,Never,15.0,133.4,False,False,170.8,101.5,2024-02-10
PAT-100061,60+,79,62,Male,West,Non-Smoker,Never,20.2,132.4,False,False,254.3,95.7,2024-10-30
PAT-100062,60+,67,45,Male,South,Smoker,Rarely,22.4,128.1,False,False,131.3,91.4,2024-10-31
PAT-100063,36-45,42,67,Female,East,Former Smoker,Rarely,18.5,124.6,True,False,179.6,88.1,2025-06-12
PAT-100064,60+,82,67,Female,West,Smoker,Weekly,17.0,130.8,True,False,190.1,73.2,2025-05-08
PAT-100065,36-45,45,64,Female,South,Smoker,Never,23.6,127.1,False,False,226.1,68.3,2024-01-12
PAT-100066,36-45,39,82,Female,South,Smoker,Weekly,22.4,113.6,False,False,228.6,78.0,2024-12-13
PAT-100067,60+,78,84,Female,West,Smoker,Daily,23.1,129.1,False,False,230.0,88.3,2025-07-26
PAT-100068,36-45,42,75,Male,West,Smoker,Never,19.1,126.2,False,False,150.1,61.2,2025-10-17
PAT-100069,18-25,23,52,Male,North,Non-Smoker,Never,18.8,121.4,False,False,210.8,79.7,2024-08-01
PAT-100070,46-60,49,77,Female,East,Non-Smoker,Weekly,19.3,115.8,False,False,208.0,83.6,2024-02-02
PAT-100071,60+,71,84,Male,South,Non-Smoker,Rarely,25.7,140.6,False,True,149.2,87.8,2024-04-21
PAT-100072,26-35,30,73,Female,East,Former Smoker,Weekly,20.4,113.5,False,False,125.0,79.3,2024-09-05
PAT-100073,46-60,49,81,Female,South,Non-Smoker,Weekly,21.8,125.4,False,False,223.8,84.0,2024-11-19
PAT-100074,26-35,26,56,Female,North,Non-Smoker,Weekly,17.2,125.8,False,False,180.4,106.0,2024-09-13
PAT-100075,60+,63,94,Female,West,Non-Smoker,Daily,23.1,137.4,False,True,158.3,96.8,2024-03-07
PAT-100076,46-60,49,58,Female,East,Smoker,Rarely,21.0,131.1,True,False,186.5,80.9,2024-09-05
PAT-100077,36-45,40,78,Female,South,Non-Smoker,Weekly,18.1,135.1,False,True,200.9,85.0,2024-07-30
PAT-100078,26-35,33,49,Female,North,Former Smoker,Rarely,15.0,109.9,False,False,185.4,83.7,2024-12-22
PAT-100079,46-60,55,58,Female,North,Non-Smoker,Weekly,20.3,118.5,False,False,147.9,78.0,2024-02-27
PAT-100080,60+,62,96,Male,South,Non-Smoker,Never,25.3,126.1,False,False,253.2,81.0,2025-07-31
PAT-100081,60+,81,66,Female,East,Non-Smoker,Rarely,22.5,134.8,True,False,232.4,100.6,2024-10-31
PAT-100082,46-60,47,80,Female,South,Former Smoker,Never,22.0,105.8,False,False,182.0,83.2,2024-08-20
PAT-100083,26-35,28,80,Male,East,Non-Smoker,Daily,19.0,114.5,False,False,177.5,73.3,2025-10-23
PAT-100084,60+,73,76,Male,South,Non-Smoker,Rarely,24.0,130.6,False,False,210.7,88.9,2025-06-27
PAT-100085,46-60,60,86,Female,North,Former Smoker,Never,22.3,135.7,False,True,162.1,89.8,2024-04-09
PAT-100086,60+,64,67,Female,East,Non-Smoker,Weekly,19.2,131.7,False,False,206.9,62.8,2024-04-16
PAT-100087,18-25,24,56,Male,North,Non-Smoker,Weekly,15.9,108.1,False,False,145.3,84.1,2024-01-02
PAT-100088,36-45,38,68,Male,North,Smoker,Weekly,24.0,127.4,False,False,187.3,99.8,2025-02-13
PAT-100089,60+,69,84,Male,North,Smoker,Weekly,18.4,136.0,True,True,163.6,91.5,2024-09-15
PAT-100090,60+,73,82,Male,South,Former Smoker,Weekly,24.0,128.8,False,False,166.4,116.2,2024-09-30
PAT-100091,46-60,47,51,Female,East,Non-Smoker,Weekly,15.0,116.5,False,False,241.5,99.0,2025-01-06
PAT-100092,60+,71,69,Male,West,Non-Smoker,Weekly,20.8,114.5,False,False,201.1,104.9,2025-01-28
PAT-100093,60+,74,71,Male,North,Non-Smoker,Rarely,20.4,124.4,False,False,206.4,120.8,2024-01-01
PAT-100094,36-45,43,65,Female,North,Smoker,Daily,15.0,113.1,False,False,130.6,93.1,2024-03-19
PAT-100095,60+,78,61,Male,North,Former Smoker,Weekly,21.5,135.8,True,True,183.5,89.9,2025-07-30
PAT-100096,36-45,37,70,Male,South,Smoker,Rarely,18.2,111.3,False,False,202.9,97.6,2025-11-27
PAT-100097,26-35,34,61,Female,North,Former Smoker,Weekly,15.0,111.8,False,False,194.0,77.3,2025-09-03
PAT-100098,60+,63,79,Female,South,Non-Smoker,Weekly,23.9,121.6,True,False,132.3,90.6,2025-10-23
PAT-100099,46-60,60,79,Other,West,Non-Smoker,Weekly,25.2,132.5,True,False,202.2,82.3,2024-12-04
PAT-100100,26-35,27,68,Female,South,Smoker,Daily,22.0,121.1,False,False,197.1,93.0,2025-08-26
PAT-100101,60+,73,73,Male,East,Former Smoker,Weekly,22.6,137.3,True,True,238.4,80.7,2025-10-06
PAT-100102,26-35,31,71,Female,East,Smoker,Daily,19.0,117.3,False,False,167.6,78.2,2025-10-13
PAT-100103,60+,71,60,Female,North,Smoker,Weekly,23.3,121.5,True,False,132.0,93.9,2024-04-19
PAT-100104,18-25,18,56,Female,North,Non-Smoker,Never,20.5,108.6,False,False,153.5,85.6,2024-04-17
PAT-100105,60+,71,58,Other,South,Non-Smoker,Never,22.6,130.2,True,False,166.4,65.4,2024-10-20
PAT-100106,60+,70,62,Female,South,Non-Smoker,Weekly,17.8,127.0,False,False,221.1,68.2,2025-01-02
PAT-100107,60+,70,56,Female,North,Smoker,Weekly,19.9,132.0,False,False,117.5,73.2,2025-11-30
PAT-100108,60+,62,79,Male,East,Former Smoker,Weekly,22.8,141.8,False,True,183.1,78.1,2024-08-20
PAT-100109,46-60,49,78,Female,South,Non-Smoker,Never,16.3,128.4,False,False,235.5,89.8,2025-08-30
PAT-100110,60+,65,58,Male,South,Smoker,Never,20.6,122.2,False,False,197.7,90.0,2025-10-09
PAT-100111,36-45,36,70,Female,East,Non-Smoker,Daily,24.8,127.9,False,False,215.7,102.7,2025-12-05
PAT-100112,60+,70,67,Female,West,Smoker,Daily,22.4,138.1,True,True,149.7,97.5,2024-05-18
PAT-100113,46-60,55,74,Other,West,Non-Smoker,Weekly,24.4,122.4,False,False,146.4,102.5,2024-06-25
PAT-100114,46-60,48,69,Other,West,Smoker,Never,20.1,130.7,False,False,235.5,94.4,2024-06-09
PAT-100115,46-60,51,60,Male,South,Smoker,Never,18.6,122.7,False,False,196.3,88.7,2025-06-20
PAT-100116,46-60,56,54,Female,North,Non-Smoker,Daily,19.3,114.9,False,False,197.9,99.8,2025-05-16
PAT-100117,18-25,20,70,Female,North,Former Smoker,Rarely,16.1,115.3,False,False,150.5,95.7,2024-10-24
PAT-100118,26-35,27,90,Male,South,Smoker,Weekly,18.5,117.3,False,False,189.1,90.6,2024-03-05
PAT-100119,26-35,34,51,Male,South,Smoker,Rarely,19.8,117.0,False,False,153.8,102.1,2025-01-15
PAT-100120,18-25,25,82,Male,North,Former Smoker,Never,23.3,117.4,True,False,221.1,60.8,2025-06-18
PAT-100121,46-60,47,84,Female,North,Former Smoker,Weekly,18.9,117.0,False,False,273.9,82.9,2024-12-12
PAT-100122,60+,62,68,Female,North,Non-Smoker,Daily,22.8,135.3,False,True,211.1,85.0,2024-07-14
PAT-100123,60+,61,76,Other,East,Smoker,Rarely,21.1,128.7,False,False,177.3,101.5,2025-03-08
PAT-100124,46-60,49,69,Male,South,Non-Smoker,Weekly,20.6,125.8,False,False,116.7,106.2,2025-04-27
PAT-100125,60+,75,68,Other,North,Smoker,Never,22.3,137.5,True,True,150.0,71.0,2025-03-07
PAT-100126,46-60,55,58,Male,East,Smoker,Weekly,21.3,117.8,False,False,241.1,104.7,2025-09-29
PAT-100127,18-25,23,41,Female,West,Non-Smoker,Never,15.0,104.9,False,False,154.0,69.9,2024-08-17
PAT-100128,60+,69,89,Male,South,Non-Smoker,Weekly,26.9,117.6,True,False,187.6,77.4,2025-03-21
PAT-100129,46-60,56,58,Female,South,Non-Smoker,Weekly,19.6,130.9,False,False,214.5,83.9,2025-09-16
PAT-100130,46-60,60,64,Female,South,Non-Smoker,Weekly,21.4,119.1,False,False,240.5,84.0,2024-06-04
PAT-100131,46-60,55,53,Female,South,Non-Smoker,Daily,16.1,125.0,True,False,188.5,66.0,2024-07-24
PAT-100132,46-60,55,53,Female,South,Non-Smoker,Weekly,23.6,131.4,False,False,182.4,97.0,2024-02-05
PAT-100133,18-25,24,75,Male,West,Non-Smoker,Rarely,20.1,120.3,False,False,187.3,95.2,2024-09-30
PAT-100134,46-60,55,69,Male,West,Former Smoker,Daily,21.9,117.8,True,False,175.7,100.8,2024-02-02
PAT-100135,60+,71,82,Male,South,Non-Smoker,Daily,18.6,130.5,False,False,182.1,81.0,2025-06-28
PAT-100136,36-45,38,83,Male,West,Non-Smoker,Daily,18.7,132.9,False,False,201.8,85.7,2024-03-05
PAT-100137,46-60,58,73,Female,West,Non-Smoker,Daily,23.9,143.4,False,True,201.0,89.0,2025-05-20
PAT-100138,18-25,20,72,Female,North,Smoker,Never,19.1,121.4,False,False,247.9,106.7,2025-02-27
PAT-100139,36-45,41,88,Female,South,Non-Smoker,Never,16.8,122.1,False,False,203.5,51.1,2025-12-22
PAT-100140,46-60,47,57,Female,East,Smoker,Daily,20.8,115.9,False,False,226.6,76.0,2024-09-11
PAT-100141,60+,83,69,Female,South,Non-Smoker,Rarely,20.4,142.0,False,True,170.8,87.3,2024-09-08
PAT-100142,26-35,32,83,Female,South,Non-Smoker,Rarely,23.9,119.3,False,False,203.4,76.3,2024-06-26
PAT-100143,36-45,36,93,Male,South,Smoker,Never,21.6,125.0,True,False,167.1,84.9,2025-01-27
PAT-100144,36-45,45,60,Male,East,Smoker,Weekly,18.9,117.0,False,False,203.4,84.8,2024-06-09
PAT-100145,60+,84,66,Female,South,Non-Smoker,Weekly,24.4,137.7,True,True,223.9,81.7,2024-03-23
PAT-100146,60+,75,86,Female,East,Former Smoker,Weekly,21.1,135.2,False,True,202.0,88.4,2025-11-23
PAT-100147,18-25,20,84,Male,North,Non-Smoker,Never,17.3,114.4,False,False,256.2,92.9,2025-05-10
PAT-100148,26-35,33,72,Female,West,Non-Smoker,Rarely,18.6,121.7,False,False,230.7,83.3,2024-03-27
PAT-100149,60+,73,67,Female,North,Smoker,Weekly,23.0,129.7,False,False,235.2,83.4,2025-03-27
PAT-100150,18-25,21,73,Male,North,Non-Smoker,Weekly,15.2,100.7,False,False,207.2,82.1,2024-08-10
PAT-100151,60+,75,81,Male,North,Smoker,Rarely,18.6,145.4,False,True,253.4,86.1,2024-05-11
PAT-100152,36-45,36,66,Female,South,Non-Smoker,Never,20.7,139.9,False,True,145.7,66.5,2024-12-10
PAT-100153,60+,79,69,Female,East,Non-Smoker,Weekly,20.0,138.2,True,True,242.8,92.5,2025-07-28
PAT-100154,36-45,37,78,Male,West,Non-Smoker,Rarely,19.1,108.8,False,False,159.4,81.0,2024-01-01
PAT-100155,46-60,47,61,Female,South,Non-Smoker,Weekly,15.0,114.3,False,False,175.2,99.1,2024-09-16
PAT-100156,60+,62,84,Male,North,Smoker,Weekly,20.6,133.1,True,False,213.4,94.5,2025-11-03
PAT-100157,26-35,26,104,Female,South,Smoker,Rarely,22.5,128.3,False,False,222.8,102.5,2024-10-14
PAT-100158,46-60,55,56,Male,North,Non-Smoker,Rarely,20.9,117.1,False,False,159.9,75.4,2024-03-13
PAT-100159,46-60,51,73,Female,South,Former Smoker,Never,18.4,122.9,False,False,177.9,81.6,2024-11-08
PAT-100160,60+,70,68,Male,East,Smoker,Weekly,25.0,136.1,False,True,201.9,75.1,2025-05-13
PAT-100161,60+,84,84,Male,North,Non-Smoker,Weekly,21.9,144.5,True,True,197.6,79.7,2025-12-28
PAT-100162,60+,62,70,Female,West,Non-Smoker,Weekly,18.9,125.3,True,False,222.2,101.4,2025-04-04
PAT-100163,36-45,45,87,Male,North,Smoker,Daily,25.5,113.5,True,False,294.6,108.1,2024-02-06
PAT-100164,36-45,45,92,Male,East,Smoker,Weekly,22.8,129.4,False,False,204.1,74.9,2025-08-13
PAT-100165,46-60,46,80,Male,West,Non-Smoker,Daily,19.5,131.8,False,False,169.7,81.2,2025-07-23
PAT-100166,60+,72,83,Female,West,Non-Smoker,Weekly,22.4,133.0,False,False,160.7,87.5,2025-04-20
PAT-100167,36-45,39,41,Female,East,Non-Smoker,Weekly,19.2,123.4,False,False,179.9,93.5,2025-10-16
PAT-100168,26-35,29,89,Other,East,Non-Smoker,Weekly,24.6,116.1,False,False,158.5,68.6,2025-07-15
PAT-100169,36-45,40,82,Male,North,Former Smoker,Rarely,18.7,113.5,False,False,204.0,67.0,2024-06-18
PAT-100170,18-25,19,90,Male,North,Non-Smoker,Weekly,20.4,122.1,True,False,197.3,93.1,2024-11-03
PAT-100171,18-25,25,63,Male,South,Former Smoker,Rarely,17.8,117.5,False,False,171.6,62.3,2025-01-05
PAT-100172,18-25,24,60,Female,East,Non-Smoker,Never,15.0,116.3,False,False,244.7,78.6,2024-12-22
PAT-100173,60+,69,71,Other,East,Former Smoker,Rarely,21.0,143.8,False,True,176.6,89.5,2025-04-11
PAT-100174,60+,66,69,Female,West,Former Smoker,Weekly,20.8,122.1,False,False,194.2,92.5,2025-05-27
PAT-100175,60+,64,73,Female,South,Non-Smoker,Weekly,24.0,127.4,True,False,216.4,87.7,2024-03-16
PAT-100176,46-60,48,91,Male,West,Former Smoker,Rarely,25.3,128.2,True,False,219.2,85.8,2025-02-18
PAT-100177,60+,66,48,Female,South,Former Smoker,Rarely,17.4,124.0,True,False,236.1,95.6,2024-01-29
PAT-100178,26-35,28,81,Female,North,Non-Smoker,Daily,19.4,122.7,False,False,199.3,90.1,2025-01-08
PAT-100179,60+,78,78,Male,East,Non-Smoker,Weekly,24.2,135.3,False,True,232.9,81.8,2024-11-04
PAT-100180,46-60,51,75,Male,North,Non-Smoker,Rarely,19.1,116.4,False,False,173.3,86.9,2024-05-30
PAT-100181,60+,80,60,Male,South,Former Smoker,Weekly,22.0,136.7,True,True,229.5,92.8,2025-12-24
PAT-100182,26-35,28,84,Male,West,Non-Smoker,Rarely,20.1,118.2,False,False,213.5,107.7,2024-07-07
PAT-100183,46-60,51,49,Male,West,Former Smoker,Daily,15.0,129.3,False,False,238.7,93.4,2024-02-11
PAT-100184,60+,64,85,Male,South,Non-Smoker,Weekly,20.2,132.7,False,False,147.1,101.7,2024-09-18
PAT-100185,46-60,51,52,Female,North,Former Smoker,Never,21.4,129.4,False,False,166.1,80.5,2025-07-06
PAT-100186,46-60,47,78,Male,North,Smoker,Weekly,20.3,126.2,False,False,216.8,80.9,2024-01-07
PAT-100187,26-35,29,76,Male,North,Non-Smoker,Rarely,23.5,117.7,False,False,107.2,86.3,2024-12-25
PAT-100188,36-45,43,84,Female,West,Non-Smoker,Weekly,19.9,116.3,False,False,205.7,85.2,2024-10-31
PAT-100189,26-35,33,67,Female,West,Former Smoker,Weekly,19.3,120.4,False,False,219.7,74.5,2025-09-24
PAT-100190,36-45,38,61,Female,East,Former Smoker,Never,24.1,120.1,False,False,172.1,104.7,2024-01-03
PAT-100191,60+,63,71,Male,East,Non-Smoker,Weekly,18.2,141.5,False,True,184.0,96.5,2024-01-13
PAT-100192,46-60,60,85,Female,South,Non-Smoker,Weekly,17.6,137.3,False,True,163.8,81.9,2025-02-16
PAT-100193,46-60,58,84,Male,North,Smoker,Never,25.3,135.5,False,True,179.8,97.9,2024-05-10
PAT-100194,36-45,42,73,Male,North,Former Smoker,Rarely,17.7,123.3,False,False,175.8,88.3,2025-05-28
PAT-100195,60+,82,67,Female,East,Non-Smoker,Rarely,21.4,135.8,False,True,182.1,96.5,2024-07-22
PAT-100196,18-25,23,51,Female,North,Non-Smoker,Daily,15.0,102.0,False,False,162.8,67.9,2025-02-14
PAT-100197,36-45,40,74,Female,North,Non-Smoker,Daily,20.5,119.6,False,False,181.9,85.6,2024-01-28
PAT-100198,18-25,25,48,Female,West,Non-Smoker,Rarely,15.0,113.6,False,False,177.0,83.3,2025-05-21
PAT-100199,36-45,40,79,Female,East,Smoker,Weekly,20.0,122.8,False,False,246.2,94.5,2025-01-13
PAT-100200,60+,82,79,Male,South,Smoker,Weekly,24.0,141.9,False,True,190.8,81.9,2024-01-01
PAT-100201,36-45,42,106,Male,North,Former Smoker,Rarely,21.2,129.8,False,False,200.9,57.7,2024-07-13
PAT-100202,60+,78,64,Male,North,Non-Smoker,Weekly,19.1,128.2,False,False,184.1,73.5,2024-02-13
PAT-100203,46-60,51,76,Male,South,Smoker,Daily,19.8,119.3,False,False,175.6,86.1,2024-02-02
PAT-100204,60+,64,91,Female,South,Non-Smoker,Daily,19.7,140.8,False,True,146.1,87.6,2025-05-24
PAT-100205,46-60,48,92,Male,East,Non-Smoker,Weekly,21.4,130.8,False,False,145.3,108.0,2024-11-08
PAT-100206,26-35,35,61,Female,North,Former Smoker,Rarely,18.2,115.0,False,False,152.3,92.9,2025-08-09
PAT-100207,60+,69,72,Female,North,Non-Smoker,Never,20.3,130.5,False,False,204.2,88.2,2024-07-07
PAT-100208,60+,82,70,Female,North,Smoker,Daily,21.2,135.6,True,True,234.9,87.3,2025-06-07
PAT-100209,26-35,35,81,Male,South,Smoker,Weekly,20.3,119.7,False,False,134.9,100.4,2025-03-25
PAT-100210,60+,70,69,Male,South,Non-Smoker,Rarely,19.4,134.9,False,False,182.5,79.6,2025-04-28
PAT-100211,26-35,35,68,Other,North,Non-Smoker,Weekly,20.5,139.8,False,True,147.5,85.6,2025-08-27
PAT-100212,60+,66,50,Female,East,Non-Smoker,Weekly,22.1,132.9,False,False,189.9,75.2,2025-05-31
PAT-100213,60+,70,71,Female,South,Non-Smoker,Never,20.1,136.9,False,True,231.3,104.1,2025-06-28
PAT-100214,46-60,48,75,Female,North,Non-Smoker,Rarely,21.6,111.3,True,False,179.0,92.7,2025-06-23
PAT-100215,60+,67,67,Female,East,Non-Smoker,Weekly,20.0,126.6,True,False,196.7,78.5,2024-11-22
PAT-100216,36-45,36,58,Male,South,Non-Smoker,Never,18.6,128.6,False,False,232.5,84.8,2025-06-12
PAT-100217,18-25,23,81,Female,South,Former Smoker,Daily,23.5,120.4,False,False,198.6,95.2,2025-09-06
PAT-100218,18-25,24,82,Male,South,Smoker,Never,21.1,80.9,False,False,162.4,84.7,2025-06-22
PAT-100219,46-60,47,61,Female,North,Former Smoker,Rarely,15.0,125.8,False,False,196.9,77.6,2025-03-19
PAT-100220,60+,78,66,Female,South,Non-Smoker,Rarely,22.3,151.0,True,True,176.6,80.5,2024-02-24
PAT-100221,26-35,26,51,Female,East,Smoker,Never,19.3,99.7,False,False,198.4,90.6,2024-11-14
PAT-100222,46-60,48,65,Male,North,Smoker,Rarely,18.6,135.1,False,True,207.9,81.9,2024-02-16
PAT-100223,60+,65,71,Male,East,Smoker,Weekly,23.4,109.6,False,False,156.5,83.6,2024-03-16
PAT-100224,26-35,31,84,Female,North,Non-Smoker,Weekly,18.7,124.6,False,False,192.6,70.2,2024-09-20
PAT-100225,60+,66,70,Male,East,Non-Smoker,Rarely,17.2,128.4,False,False,194.3,86.3,2024-12-04
PAT-100226,36-45,38,85,Male,North,Non-Smoker,Rarely,21.4,102.3,False,False,205.7,85.7,2025-01-20
PAT-100227,60+,72,71,Male,North,Non-Smoker,Weekly,17.0,134.0,False,False,224.5,81.3,2025-10-19
PAT-100228,46-60,56,80,Male,South,Non-Smoker,Rarely,20.9,136.3,False,True,209.1,89.9,2025-07-10
PAT-100229,46-60,54,76,Male,East,Former Smoker,Rarely,24.1,131.3,False,False,185.1,98.4,2024-11-04
PAT-100230,26-35,29,80,Female,East,Former Smoker,Weekly,15.1,118.9,False,False,214.7,92.5,2024-09-01
PAT-100231,46-60,49,71,Male,South,Non-Smoker,Daily,16.8,118.9,False,False,166.5,91.7,2025-06-04
PAT-100232,60+,75,59,Male,North,Former Smoker,Weekly,17.5,116.9,True,False,160.9,82.6,2024-07-19
PAT-100233,18-25,19,61,Male,South,Non-Smoker,Daily,16.8,117.3,False,False,87.8,78.3,2025-10-07
PAT-100234,60+,68,71,Male,West,Non-Smoker,Daily,20.2,144.9,True,True,196.3,74.6,2025-07-24
PAT-100235,46-60,51,63,Male,North,Non-Smoker,Weekly,22.6,135.4,False,True,168.7,81.4,2025-05-13
PAT-100236,60+,66,74,Female,East,Smoker,Daily,23.7,116.4,False,False,209.7,89.5,2024-07-01
PAT-100237,60+,62,72,Male,South,Non-Smoker,Weekly,22.1,117.8,True,False,137.5,78.8,2025-03-29
PAT-100238,46-60,46,106,Male,North,Former Smoker,Rarely,24.4,119.0,False,False,172.4,90.8,2025-08-22
PAT-100239,36-45,38,57,Male,East,Smoker,Weekly,18.6,106.7,False,False,203.5,74.6,2024-02-22
PAT-100240,46-60,60,80,Male,North,Former Smoker,Never,19.6,128.1,False,False,165.1,66.8,2024-05-09
PAT-100241,26-35,27,64,Male,South,Former Smoker,Never,20.0,119.6,False,False,198.4,96.8,2025-01-11
PAT-100242,46-60,57,72,Male,North,Smoker,Rarely,17.8,114.2,False,False,178.4,80.0,2024-09-19
PAT-100243,18-25,24,71,Female,East,Non-Smoker,Never,20.6,122.0,False,False,184.2,77.3,2025-06-02
PAT-100244,60+,61,50,Male,North,Former Smoker,Never,21.1,133.8,False,False,214.2,74.5,2024-10-19
PAT-100245,46-60,60,72,Female,North,Former Smoker,Weekly,21.3,124.4,False,False,224.6,92.9,2025-12-28
PAT-100246,18-25,23,92,Female,East,Smoker,Rarely,20.5,114.0,False,False,187.7,103.8,2024-08-06
PAT-100247,60+,68,72,Male,West,Non-Smoker,Daily,22.2,116.5,True,False,174.0,83.5,2024-09-19
PAT-100248,36-45,45,81,Male,North,Non-Smoker,Rarely,15.0,117.1,False,False,177.8,81.4,2024-01-03
PAT-100249,60+,70,82,Female,South,Smoker,Weekly,23.3,133.5,True,False,218.1,101.8,2024-06-29
PAT-100250,18-25,20,68,Female,West,Non-Smoker,Daily,17.6,113.9,False,False,153.4,63.8,2024-06-20
PAT-100251,26-35,30,71,Male,South,Smoker,Weekly,18.7,119.8,False,False,181.7,109.8,2025-07-10
PAT-100252,46-60,51,50,Male,South,Smoker,Never,19.3,126.4,True,False,181.7,115.9,2024-09-03
PAT-100253,26-35,30,85,Male,West,Non-Smoker,Weekly,20.3,115.6,False,False,183.9,54.7,2024-05-28
PAT-100254,36-45,40,76,Male,East,Non-Smoker,Weekly,17.2,121.6,False,False,159.7,84.1,2024-08-16
PAT-100255,60+,62,57,Female,South,Non-Smoker,Weekly,18.7,135.9,False,True,141.0,77.6,2025-02-14
PAT-100256,26-35,27,79,Male,West,Non-Smoker,Weekly,19.8,115.6,False,False,201.7,83.7,2025-07-27
PAT-100257,60+,63,70,Male,East,Non-Smoker,Never,21.0,132.2,False,False,225.8,82.6,2025-12-15
PAT-100258,18-25,24,63,Female,East,Non-Smoker,Rarely,17.9,112.7,False,False,131.4,95.5,2024-02-04
PAT-100259,26-35,29,85,Male,South,Smoker,Weekly,23.1,113.8,False,False,197.8,87.5,2025-09-05
PAT-100260,46-60,57,61,Male,West,Smoker,Weekly,16.5,129.0,False,False,227.6,74.0,2024-10-10
PAT-100261,60+,71,82,Female,West,Non-Smoker,Daily,23.1,129.3,True,False,217.2,86.8,2025-08-13
PAT-100262,26-35,29,61,Male,West,Smoker,Weekly,20.8,120.7,False,False,174.2,93.7,2024-01-28
PAT-100263,36-45,38,70,Male,East,Smoker,Never,15.0,117.5,False,False,161.1,69.8,2025-04-02
PAT-100264,60+,79,101,Male,South,Smoker,Rarely,25.8,135.7,False,True,204.1,70.7,2025-11-10
PAT-100265,60+,84,83,Female,North,Non-Smoker,Weekly,22.1,135.0,False,False,210.6,112.2,2024-01-29
PAT-100266,46-60,56,79,Male,North,Non-Smoker,Rarely,20.4,122.8,True,False,197.7,79.5,2025-07-30
PAT-100267,46-60,47,66,Male,West,Former Smoker,Weekly,17.0,108.5,True,False,186.7,83.6,2024-03-24
PAT-100268,36-45,41,71,Male,South,Non-Smoker,Rarely,19.1,123.9,False,False,157.8,81.7,2025-12-17
PAT-100269,46-60,59,78,Male,North,Non-Smoker,Rarely,26.0,133.1,False,False,208.4,97.2,2025-06-27
PAT-100270,46-60,57,70,Female,North,Smoker,Rarely,17.2,132.1,False,False,209.2,106.6,2025-10-26
PAT-100271,36-45,37,76,Male,North,Non-Smoker,Rarely,16.9,113.8,True,False,195.1,92.1,2025-10-17
PAT-100272,18-25,19,69,Female,East,Smoker,Never,15.0,125.8,False,False,187.0,65.8,2024-08-18
PAT-100273,26-35,28,67,Female,East,Non-Smoker,Weekly,22.6,115.3,False,False,236.8,72.0,2024-10-30
PAT-100274,60+,82,52,Female,South,Non-Smoker,Daily,18.5,127.8,False,False,183.9,81.3,2025-05-19
PAT-100275,46-60,46,71,Male,East,Non-Smoker,Weekly,19.7,115.0,True,False,230.2,83.6,2024-05-07
PAT-100276,46-60,50,80,Female,South,Non-Smoker,Rarely,20.1,110.7,True,False,171.0,66.4,2024-08-11
PAT-100277,46-60,49,53,Female,West,Non-Smoker,Rarely,15.5,133.7,False,False,226.0,94.1,2024-03-13
PAT-100278,60+,70,75,Male,West,Former Smoker,Rarely,21.1,143.1,True,True,236.0,74.6,2025-10-10
PAT-100279,18-25,22,60,Female,North,Non-Smoker,Rarely,23.2,121.4,False,False,175.8,106.8,2024-06-29
PAT-100280,18-25,23,71,Female,South,Non-Smoker,Weekly,21.9,109.0,False,False,234.7,110.0,2024-10-26
PAT-100281,36-45,36,73,Male,West,Non-Smoker,Rarely,17.3,132.5,False,False,202.9,82.4,2024-11-26
PAT-100282,46-60,50,87,Female,East,Smoker,Rarely,23.6,123.8,False,False,166.7,94.4,2024-10-01
PAT-100283,60+,62,84,Male,West,Non-Smoker,Weekly,20.2,126.7,False,False,185.4,72.3,2025-07-21
PAT-100284,46-60,50,54,Female,South,Non-Smoker,Weekly,15.0,133.0,False,False,227.0,91.5,2025-10-29
PAT-100285,46-60,47,78,Other,North,Non-Smoker,Weekly,23.2,130.6,False,False,219.8,82.9,2025-02-22
PAT-100286,60+,80,68,Male,West,Non-Smoker,Weekly,24.4,155.2,True,True,170.3,76.6,2025-09-02
PAT-100287,26-35,28,63,Female,West,Former Smoker,Rarely,20.4,119.0,False,False,182.2,83.8,2024-03-21
PAT-100288,46-60,56,81,Male,East,Non-Smoker,Never,20.4,123.7,False,False,200.9,81.7,2025-12-06
PAT-100289,46-60,54,64,Female,South,Non-Smoker,Rarely,19.0,120.4,True,False,179.0,82.5,2024-03-25
PAT-100290,46-60,49,80,Female,North,Non-Smoker,Weekly,22.9,111.1,False,False,263.4,100.1,2024-02-18
PAT-100291,60+,72,68,Male,East,Non-Smoker,Rarely,22.0,131.2,True,False,206.6,78.8,2024-01-17
PAT-100292,26-35,35,70,Male,East,Non-Smoker,Rarely,18.0,127.2,False,False,186.6,106.6,2024-06-26
PAT-100293,60+,81,70,Male,East,Non-Smoker,Weekly,17.7,138.8,False,True,238.0,69.7,2025-09-03
PAT-100294,36-45,40,71,Male,North,Non-Smoker,Never,19.7,121.0,False,False,179.0,106.2,2024-08-07
PAT-100295,46-60,54,91,Male,East,Non-Smoker,Daily,25.4,121.2,False,False,224.4,78.0,2025-07-31
PAT-100296,46-60,52,85,Male,East,Smoker,Daily,18.8,126.3,False,False,143.6,86.3,2024-11-05
PAT-100297,60+,74,98,Male,West,Non-Smoker,Daily,26.3,144.8,True,True,186.6,84.9,2024-03-16
PAT-100298,46-60,47,105,Male,East,Non-Smoker,Weekly,24.8,129.8,True,False,223.6,85.8,2024-12-11
PAT-100299,36-45,37,57,Female,East,Non-Smoker,Never,19.5,121.0,False,False,236.2,96.3,2024-06-18
PAT-100300,18-25,19,70,Female,South,Non-Smoker,Weekly,20.2,107.4,False,False,160.5,105.1,2024-07-31
PAT-100301,36-45,42,55,Female,East,Non-Smoker,Weekly,15.9,126.2,False,False,163.9,98.8,2025-01-12
PAT-100302,60+,73,68,Male,East,Non-Smoker,Weekly,17.0,105.7,True,False,216.9,80.3,2025-07-31
PAT-100303,18-25,18,62,Female,West,Former Smoker,Weekly,15.7,113.8,False,False,164.7,86.6,2025-03-04
PAT-100304,60+,78,57,Female,West,Non-Smoker,Weekly,22.3,156.2,True,True,193.3,79.0,2024-06-11
PAT-100305,46-60,54,65,Male,North,Non-Smoker,Daily,18.2,112.8,False,False,220.5,74.0,2025-06-07
PAT-100306,26-35,27,76,Male,West,Non-Smoker,Rarely,17.5,113.0,False,False,169.8,71.7,2025-05-23
PAT-100307,36-45,38,55,Female,West,Smoker,Daily,15.0,117.2,False,False,130.4,78.7,2024-06-22
PAT-100308,46-60,55,88,Male,East,Non-Smoker,Rarely,26.8,126.6,False,False,155.5,94.1,2025-09-13
PAT-100309,36-45,39,58,Female,East,Non-Smoker,Weekly,19.9,128.9,False,False,190.0,64.0,2025-09-07
PAT-100310,18-25,25,103,Other,East,Non-Smoker,Rarely,24.3,122.1,False,False,129.6,89.0,2025-03-16
PAT-100311,60+,62,72,Male,South,Non-Smoker,Never,23.3,131.9,False,False,187.7,107.2,2024-08-04
PAT-100312,60+,63,78,Male,South,Non-Smoker,Daily,23.1,137.3,False,True,155.1,102.3,2024-09-15
PAT-100313,18-25,25,54,Other,West,Non-Smoker,Daily,15.9,113.4,False,False,234.7,77.5,2024-11-16
PAT-100314,36-45,36,90,Female,West,Smoker,Never,21.1,145.7,False,True,253.8,70.9,2024-05-17
PAT-100315,26-35,34,91,Male,North,Former Smoker,Weekly,20.4,120.4,False,False,156.5,92.8,2024-08-11
PAT-100316,60+,62,73,Female,West,Non-Smoker,Rarely,27.6,134.8,True,False,204.3,63.8,2024-04-08
PAT-100317,60+,66,53,Female,South,Non-Smoker,Daily,20.2,116.5,False,False,169.0,100.4,2024-04-22
PAT-100318,60+,66,72,Female,North,Smoker,Weekly,20.0,125.8,False,False,188.5,84.4,2025-06-27
PAT-100319,60+,80,56,Female,West,Non-Smoker,Rarely,21.2,144.9,False,True,256.1,109.7,2024-04-03
PAT-100320,60+,69,95,Male,North,Smoker,Never,21.5,121.4,False,False,184.7,67.2,2024-12-08
PAT-100321,36-45,39,87,Male,North,Non-Smoker,Weekly,25.1,106.4,False,False,181.1,101.1,2024-11-09
PAT-100322,18-25,25,71,Female,South,Non-Smoker,Rarely,16.9,114.1,True,False,157.2,83.9,2024-02-03
PAT-100323,46-60,59,48,Male,South,Former Smoker,Rarely,19.1,138.1,False,True,230.1,82.5,2025-08-29
PAT-100324,60+,79,58,Female,North,Non-Smoker,Daily,22.9,136.7,True,True,103.8,72.3,2025-12-19
PAT-100325,60+,83,78,Female,North,Non-Smoker,Weekly,23.8,135.6,False,True,189.6,96.4,2025-04-11
PAT-100326,26-35,33,92,Male,South,Non-Smoker,Weekly,21.8,104.8,False,False,186.5,96.2,2025-05-05
PAT-100327,26-35,33,83,Female,North,Non-Smoker,Weekly,20.5,122.5,False,False,168.1,108.7,2024-06-18
PAT-100328,18-25,20,58,Male,North,Non-Smoker,Rarely,16.5,117.2,False,False,209.9,97.0,2025-09-08
PAT-100329,26-35,27,73,Female,West,Non-Smoker,Weekly,17.5,100.7,False,False,222.2,78.4,2025-07-26
PAT-100330,46-60,55,90,Male,East,Smoker,Weekly,21.5,136.2,True,True,152.1,75.9,2024-11-15
PAT-100331,46-60,54,50,Female,North,Smoker,Rarely,21.5,132.9,True,False,257.0,71.5,2025-05-30
PAT-100332,36-45,42,69,Female,North,Smoker,Rarely,19.0,130.2,False,False,147.9,104.1,2025-11-28
PAT-100333,36-45,38,81,Male,West,Former Smoker,Rarely,18.6,124.1,True,False,228.1,76.8,2025-03-16
PAT-100334,60+,73,66,Female,South,Non-Smoker,Rarely,19.5,137.5,False,True,204.4,104.5,2024-05-25
PAT-100335,46-60,48,47,Female,North,Smoker,Weekly,19.8,127.8,False,False,177.3,93.2,2024-08-29
PAT-100336,60+,72,66,Female,East,Former Smoker,Rarely,22.4,140.6,False,True,187.3,92.4,2024-05-15
PAT-100337,60+,82,66,Female,West,Smoker,Weekly,22.8,122.8,True,False,201.6,85.0,2024-08-30
PAT-100338,36-45,39,68,Other,South,Non-Smoker,Weekly,18.4,107.7,False,False,196.0,94.0,2025-10-11
PAT-100339,26-35,31,71,Male,East,Non-Smoker,Daily,20.3,112.1,False,False,159.7,87.0,2024-05-18
PAT-100340,60+,81,64,Female,South,Former Smoker,Rarely,19.5,134.0,True,False,195.3,82.3,2025-10-12
PAT-100341,46-60,60,77,Male,North,Non-Smoker,Rarely,20.7,131.5,True,False,172.9,95.8,2024-07-27
PAT-100342,36-45,37,75,Female,West,Non-Smoker,Weekly,22.2,123.9,False,False,152.6,86.6,2024-12-30
PAT-100343,46-60,59,66,Female,West,Former Smoker,Never,22.2,137.9,True,True,171.2,78.7,2025-01-20
PAT-100344,46-60,52,73,Male,West,Smoker,Never,17.9,133.1,False,False,159.1,92.9,2024-04-01
PAT-100345,60+,78,79,Male,North,Former Smoker,Daily,20.5,127.6,True,False,188.8,86.5,2024-05-14
PAT-100346,26-35,35,46,Female,East,Former Smoker,Rarely,16.4,119.0,False,False,201.5,90.7,2024-08-10
PAT-100347,60+,84,83,Male,East,Former Smoker,Weekly,27.8,134.3,False,False,206.8,86.2,2024-02-13
PAT-100348,60+,80,69,Female,North,Non-Smoker,Never,16.8,131.6,False,False,261.2,70.6,2025-07-04
PAT-100349,26-35,30,78,Male,West,Smoker,Weekly,20.4,120.3,False,False,120.7,108.1,2025-02-02
PAT-100350,26-35,29,81,Other,North,Non-Smoker,Weekly,16.5,87.8,False,False,200.8,103.5,2025-09-09
PAT-100351,46-60,53,54,Male,South,Non-Smoker,Weekly,16.6,142.8,False,True,194.1,95.6,2025-09-22
PAT-100352,18-25,21,54,Male,West,Non-Smoker,Weekly,15.3,116.1,False,False,208.8,79.5,2024-09-10
PAT-100353,36-45,38,73,Female,East,Former Smoker,Rarely,18.5,114.6,False,False,210.9,82.5,2025-08-19
PAT-100354,46-60,47,69,Female,East,Non-Smoker,Weekly,18.3,137.8,False,True,187.2,102.6,2024-02-14
PAT-100355,60+,82,80,Male,South,Non-Smoker,Weekly,23.1,134.8,False,False,207.8,84.6,2024-11-09
PAT-100356,60+,84,72,Male,West,Non-Smoker,Rarely,20.9,138.0,False,True,180.9,79.9,2025-04-30
PAT-100357,26-35,28,77,Female,North,Smoker,Never,15.8,110.4,False,False,204.8,106.9,2024-12-06
PAT-100358,60+,77,81,Female,East,Smoker,Rarely,24.8,150.0,True,True,144.7,89.3,2025-06-23
PAT-100359,18-25,24,83,Male,North,Smoker,Weekly,21.8,115.6,False,False,208.5,109.3,2025-09-18
PAT-100360,60+,68,66,Female,North,Former Smoker,Weekly,22.6,133.6,False,False,197.7,71.8,2024-11-05
PAT-100361,60+,74,44,Female,East,Non-Smoker,Weekly,15.0,139.5,False,True,185.6,90.2,2024-07-19
PAT-100362,60+,77,79,Female,South,Non-Smoker,Never,23.4,140.7,True,True,194.1,113.9,2025-03-01
PAT-100363,26-35,32,84,Female,North,Non-Smoker,Rarely,22.2,119.1,False,False,182.8,88.7,2025-09-25
PAT-100364,60+,77,77,Female,West,Non-Smoker,Rarely,19.8,142.7,False,True,240.0,83.7,2025-12-21
PAT-100365,18-25,25,67,Male,South,Former Smoker,Never,18.1,134.9,False,False,282.5,71.8,2025-08-18
PAT-100366,46-60,52,78,Female,West,Former Smoker,Daily,20.7,128.2,False,False,230.2,100.4,2024-06-27
PAT-100367,46-60,49,80,Female,North,Non-Smoker,Rarely,25.7,128.5,False,False,175.7,81.2,2024-05-29
PAT-100368,36-45,39,88,Female,North,Former Smoker,Weekly,26.2,125.7,False,False,208.6,89.6,2025-02-22
PAT-100369,18-25,19,67,Male,South,Non-Smoker,Daily,15.0,121.1,False,False,203.9,69.2,2024-10-20
PAT-100370,60+,69,75,Male,East,Non-Smoker,Weekly,27.9,131.1,False,False,170.9,110.4,2025-03-22
PAT-100371,36-45,40,78,Female,South,Former Smoker,Weekly,18.0,117.6,False,False,152.2,99.7,2025-11-05
PAT-100372,60+,62,78,Male,North,Non-Smoker,Never,24.1,118.9,False,False,194.7,89.1,2025-02-04
PAT-100373,36-45,45,56,Other,East,Non-Smoker,Weekly,20.4,113.5,True,False,215.7,73.4,2024-09-16
PAT-100374,36-45,43,82,Male,West,Non-Smoker,Never,18.5,117.0,True,False,142.5,104.5,2025-09-26
PAT-100375,60+,77,76,Female,North,Non-Smoker,Rarely,23.5,135.6,False,True,179.5,84.7,2024-11-16
PAT-100376,18-25,24,71,Female,South,Non-Smoker,Rarely,18.2,128.5,False,False,202.4,72.7,2025-03-17
PAT-100377,60+,67,80,Male,South,Non-Smoker,Never,23.5,136.8,False,True,199.4,68.0,2024-04-08
PAT-100378,60+,68,74,Male,East,Non-Smoker,Weekly,22.1,124.8,True,False,240.9,80.5,2025-01-05
PAT-100379,36-45,43,87,Female,North,Smoker,Weekly,24.5,118.9,False,False,148.6,72.2,2024-11-07
PAT-100380,26-35,35,59,Female,North,Former Smoker,Weekly,17.9,129.0,False,False,259.1,78.3,2024-03-30
PAT-100381,18-25,18,70,Male,North,Non-Smoker,Weekly,17.6,120.9,False,False,137.3,94.5,2024-06-03
PAT-100382,60+,80,70,Female,East,Former Smoker,Never,24.5,137.9,False,True,141.1,85.2,2025-05-28
PAT-100383,60+,81,80,Female,North,Smoker,Weekly,24.4,134.4,False,False,200.5,93.9,2024-05-11
PAT-100384,26-35,34,60,Male,East,Non-Smoker,Weekly,19.6,127.7,False,False,154.2,78.1,2024-04-06
PAT-100385,18-25,20,62,Male,South,Non-Smoker,Weekly,15.5,103.4,False,False,182.8,85.1,2024-02-12
PAT-100386,26-35,26,53,Male,South,Former Smoker,Weekly,15.0,116.2,False,False,183.6,107.1,2024-01-20
PAT-100387,18-25,22,78,Male,West,Smoker,Rarely,17.8,131.6,False,False,178.7,81.5,2024-11-13
PAT-100388,60+,73,64,Male,West,Former Smoker,Weekly,19.0,133.6,False,False,174.6,91.0,2024-12-22
PAT-100389,60+,77,73,Male,West,Non-Smoker,Rarely,23.9,130.1,False,False,214.1,70.6,2025-03-31
PAT-100390,26-35,28,77,Female,West,Non-Smoker,Rarely,21.9,121.2,False,False,176.9,106.4,2025-02-21
PAT-100391,60+,68,70,Male,North,Non-Smoker,Rarely,20.6,127.4,False,False,231.5,81.6,2025-01-26
PAT-100392,26-35,30,72,Female,West,Smoker,Weekly,22.5,107.8,False,False,181.6,101.1,2025-12-30
PAT-100393,36-45,42,74,Male,North,Non-Smoker,Rarely,23.3,129.3,False,False,161.7,87.5,2024-07-01
PAT-100394,46-60,58,86,Male,South,Non-Smoker,Weekly,22.9,138.0,False,True,144.8,96.1,2025-06-03
PAT-100395,60+,66,75,Female,East,Non-Smoker,Weekly,19.4,127.3,False,False,192.6,94.7,2024-02-28
PAT-100396,60+,76,61,Female,East,Non-Smoker,Rarely,24.3,133.2,False,False,162.7,84.2,2025-09-11
PAT-100397,18-25,21,75,Male,East,Non-Smoker,Rarely,18.6,105.8,False,False,143.8,99.3,2024-09-21
PAT-100398,26-35,31,90,Male,East,Smoker,Weekly,21.5,117.6,False,False,203.1,78.8,2024-09-09
PAT-100399,36-45,36,82,Male,South,Smoker,Never,19.7,114.9,True,False,135.5,96.2,2024-04-08
PAT-100400,36-45,38,53,Female,East,Smoker,Daily,15.0,109.2,False,False,231.8,79.3,2025-01-06
PAT-100401,60+,84,85,Male,South,Smoker,Rarely,20.1,151.6,True,True,208.0,91.3,2024-10-18
PAT-100402,60+,70,64,Male,South,Non-Smoker,Never,22.0,136.4,False,True,197.7,82.7,2025-12-12
PAT-100403,36-45,39,94,Male,East,Smoker,Rarely,20.2,125.3,False,False,158.7,87.7,2024-05-09
PAT-100404,60+,83,82,Female,East,Former Smoker,Never,31.0,149.7,False,True,225.8,80.7,2024-10-31
PAT-100405,46-60,51,73,Female,South,Smoker,Rarely,17.6,129.6,False,False,193.2,88.5,2025-10-19
PAT-100406,46-60,51,71,Female,North,Smoker,Rarely,17.0,119.7,False,False,172.7,85.7,2025-08-12
PAT-100407,46-60,47,67,Female,South,Former Smoker,Rarely,20.7,126.1,False,False,198.1,80.9,2025-07-12
PAT-100408,26-35,27,86,Male,South,Non-Smoker,Rarely,24.3,116.9,True,False,135.6,88.9,2025-01-18
PAT-100409,60+,80,73,Male,North,Non-Smoker,Weekly,22.2,139.8,False,True,152.9,89.9,2025-09-29
PAT-100410,18-25,18,80,Male,North,Former Smoker,Rarely,20.6,116.4,False,False,149.8,80.0,2024-06-12
PAT-100411,26-35,29,80,Female,West,Former Smoker,Weekly,15.3,111.3,False,False,197.2,82.6,2025-08-14
PAT-100412,26-35,33,63,Female,South,Non-Smoker,Never,16.4,105.8,False,False,187.8,72.8,2025-02-27
PAT-100413,36-45,36,62,Female,East,Smoker,Weekly,15.4,118.0,False,False,220.3,112.4,2024-09-12
PAT-100414,26-35,26,55,Other,North,Non-Smoker,Weekly,15.0,111.5,False,False,158.2,96.7,2024-06-08
PAT-100415,18-25,19,57,Other,West,Former Smoker,Never,16.8,96.6,False,False,200.9,88.4,2025-01-15
PAT-100416,60+,63,48,Female,North,Former Smoker,Weekly,15.0,130.1,False,False,193.5,98.1,2024-01-03
PAT-100417,60+,82,86,Male,South,Smoker,Weekly,20.5,143.7,False,True,174.3,63.5,2025-06-05
PAT-100418,26-35,26,99,Male,West,Non-Smoker,Rarely,20.6,136.7,False,True,197.4,56.7,2024-06-21
PAT-100419,36-45,37,95,Male,North,Non-Smoker,Weekly,20.1,116.9,True,False,187.1,82.3,2024-10-11
PAT-100420,46-60,51,50,Female,East,Smoker,Weekly,18.6,119.7,True,False,174.4,69.6,2024-05-20
PAT-100421,60+,80,86,Male,West,Non-Smoker,Weekly,24.4,128.8,False,False,203.3,86.8,2024-12-05
PAT-100422,60+,64,87,Female,North,Non-Smoker,Weekly,25.0,134.1,False,False,193.3,92.5,2024-09-27
PAT-100423,60+,69,64,Female,North,Non-Smoker,Weekly,22.2,134.1,True,False,194.1,99.4,2024-05-17
PAT-100424,46-60,56,71,Female,West,Smoker,Daily,23.3,122.1,False,False,182.4,75.3,2025-10-10
PAT-100425,36-45,45,53,Male,South,Non-Smoker,Weekly,17.6,119.9,False,False,152.4,90.4,2025-07-08
PAT-100426,26-35,31,81,Male,West,Smoker,Weekly,20.9,102.6,False,False,189.5,87.7,2024-10-10
PAT-100427,60+,75,65,Male,West,Non-Smoker,Daily,22.1,141.9,False,True,176.4,92.4,2024-02-12
PAT-100428,60+,71,72,Female,West,Smoker,Rarely,21.8,126.8,True,False,168.7,81.8,2025-09-08
PAT-100429,18-25,19,51,Female,West,Former Smoker,Rarely,15.0,110.4,False,False,176.5,100.6,2025-05-23
PAT-100430,60+,65,76,Female,West,Smoker,Daily,20.7,118.8,False,False,219.5,86.2,2025-02-09
PAT-100431,18-25,23,90,Male,South,Non-Smoker,Weekly,18.7,109.6,False,False,190.5,107.5,2025-03-17
PAT-100432,60+,67,68,Male,West,Smoker,Never,21.8,129.3,False,False,182.2,78.6,2024-01-06
PAT-100433,60+,73,64,Male,South,Smoker,Rarely,20.3,132.6,False,False,182.8,96.1,2024-12-11
PAT-100434,26-35,26,44,Female,East,Smoker,Weekly,15.0,116.9,False,False,204.9,83.3,2024-05-17
PAT-100435,46-60,47,66,Female,North,Smoker,Weekly,17.6,133.5,False,False,120.2,81.6,2025-04-20
PAT-100436,26-35,26,71,Male,West,Smoker,Weekly,15.6,119.3,False,False,209.7,91.9,2025-11-10
PAT-100437,46-60,56,51,Female,East,Non-Smoker,Never,20.4,134.5,False,False,138.6,83.6,2025-01-22
PAT-100438,60+,80,83,Male,West,Non-Smoker,Never,23.5,148.7,True,True,159.5,57.2,2025-03-17
PAT-100439,18-25,23,64,Female,South,Smoker,Never,15.4,116.8,True,False,169.5,47.5,2025-05-02
PAT-100440,36-45,44,65,Male,South,Non-Smoker,Weekly,21.0,122.7,False,False,256.3,102.9,2025-11-09
PAT-100441,60+,83,71,Male,East,Non-Smoker,Weekly,20.6,144.5,True,True,253.2,102.1,2024-01-28
PAT-100442,36-45,38,82,Female,West,Smoker,Weekly,17.1,127.1,False,False,210.6,107.9,2024-08-14
PAT-100443,26-35,26,85,Male,East,Non-Smoker,Weekly,22.8,123.0,True,False,196.5,88.5,2024-07-14
PAT-100444,46-60,50,76,Male,West,Smoker,Weekly,19.3,112.4,False,False,137.1,71.1,2025-06-07
PAT-100445,46-60,52,85,Male,North,Smoker,Rarely,20.8,118.9,True,False,198.3,82.4,2024-11-22
PAT-100446,60+,62,64,Male,West,Non-Smoker,Weekly,20.0,126.5,False,False,180.1,87.1,2025-07-17
PAT-100447,36-45,39,70,Female,East,Former Smoker,Never,22.1,128.1,False,False,165.2,76.2,2024-12-10
PAT-100448,60+,82,71,Female,West,Former Smoker,Daily,22.0,136.7,True,True,207.2,108.0,2025-12-13
PAT-100449,46-60,52,64,Female,North,Former Smoker,Daily,16.3,132.1,False,False,179.5,111.7,2025-07-13
PAT-100450,36-45,37,83,Male,South,Non-Smoker,Never,22.1,131.7,False,False,215.2,94.0,2024-01-14
PAT-100451,60+,82,60,Female,North,Smoker,Rarely,19.4,144.9,False,True,144.5,86.5,2025-12-22
PAT-100452,60+,79,84,Male,South,Non-Smoker,Weekly,28.1,149.2,False,True,204.0,76.3,2025-11-26
PAT-100453,46-60,51,84,Male,West,Smoker,Rarely,21.7,117.6,False,False,166.9,106.6,2024-02-01
PAT-100454,18-25,19,42,Male,East,Smoker,Weekly,15.0,114.5,False,False,171.4,84.9,2024-10-12
PAT-100455,46-60,57,84,Female,West,Smoker,Weekly,22.9,123.8,True,False,204.2,85.3,2025-12-09
PAT-100456,46-60,55,40,Female,East,Non-Smoker,Weekly,21.5,114.0,False,False,161.0,93.7,2025-09-03
PAT-100457,26-35,27,62,Female,West,Non-Smoker,Weekly,21.5,115.1,False,False,191.0,80.9,2024-12-07
PAT-100458,46-60,60,82,Female,West,Smoker,Rarely,26.5,142.5,False,True,189.6,92.7,2025-02-01
PAT-100459,60+,74,66,Female,East,Non-Smoker,Weekly,18.3,135.6,False,True,180.4,68.7,2024-01-22
PAT-100460,18-25,25,52,Female,West,Non-Smoker,Rarely,18.5,131.0,False,False,171.4,99.1,2025-02-16
PAT-100461,60+,66,56,Female,North,Former Smoker,Rarely,17.4,130.0,False,False,193.2,84.2,2025-05-01
PAT-100462,26-35,27,90,Male,East,Smoker,Weekly,21.5,136.9,False,True,163.1,101.8,2024-09-19
PAT-100463,60+,68,54,Male,East,Non-Smoker,Daily,15.9,129.8,False,False,198.6,82.1,2024-08-11
PAT-100464,46-60,46,91,Male,West,Smoker,Weekly,20.6,123.6,False,False,183.5,85.7,2025-08-27
PAT-100465,18-25,18,69,Female,East,Non-Smoker,Rarely,16.2,100.8,False,False,165.1,70.2,2024-11-23
PAT-100466,60+,82,55,Female,North,Smoker,Rarely,22.3,146.0,True,True,250.3,97.5,2024-07-11
PAT-100467,26-35,29,63,Female,East,Smoker,Rarely,19.8,113.0,False,False,199.2,76.4,2024-09-30
PAT-100468,46-60,57,65,Male,West,Non-Smoker,Weekly,20.4,122.0,False,False,183.6,81.4,2024-12-25
PAT-100469,26-35,30,80,Female,North,Non-Smoker,Weekly,16.5,125.6,False,False,191.4,84.9,2024-07-08
PAT-100470,60+,80,86,Male,North,Smoker,Rarely,22.9,146.0,True,True,171.2,90.2,2025-02-12
PAT-100471,60+,67,57,Male,East,Former Smoker,Weekly,17.5,138.0,True,True,185.0,65.0,2025-09-20
PAT-100472,60+,71,73,Male,East,Smoker,Rarely,23.7,131.2,True,False,189.7,86.5,2025-06-26
PAT-100473,46-60,46,67,Male,East,Non-Smoker,Weekly,22.3,124.1,True,False,154.4,97.9,2024-06-17
PAT-100474,46-60,49,85,Female,North,Non-Smoker,Weekly,24.3,126.3,False,False,204.3,85.0,2024-12-10
PAT-100475,46-60,60,61,Male,East,Non-Smoker,Rarely,17.6,132.8,False,False,180.8,82.9,2025-01-31
PAT-100476,60+,70,89,Female,East,Non-Smoker,Weekly,16.6,141.9,False,True,188.3,86.9,2025-05-11
PAT-100477,60+,74,77,Male,West,Smoker,Rarely,17.8,134.5,True,False,183.1,84.2,2025-07-06
PAT-100478,18-25,19,64,Male,South,Non-Smoker,Weekly,20.9,130.0,False,False,272.5,75.2,2024-12-20
PAT-100479,60+,62,61,Female,South,Smoker,Never,18.6,135.0,False,False,176.7,85.7,2024-08-17
PAT-100480,18-25,25,68,Male,North,Smoker,Never,16.3,111.7,False,False,123.4,96.7,2025-04-26
PAT-100481,36-45,37,54,Other,East,Non-Smoker,Never,21.3,127.4,True,False,141.1,75.2,2024-04-01
PAT-100482,60+,73,71,Female,East,Former Smoker,Rarely,24.6,149.0,True,True,222.7,85.3,2025-05-07
PAT-100483,26-35,34,55,Female,South,Non-Smoker,Rarely,17.2,133.2,False,False,228.3,68.7,2025-10-16
PAT-100484,60+,71,51,Male,East,Former Smoker,Rarely,18.2,140.3,False,True,178.8,97.2,2025-06-01
PAT-100485,46-60,49,73,Male,West,Non-Smoker,Weekly,19.9,124.3,False,False,231.1,85.8,2024-11-12
PAT-100486,26-35,33,48,Female,North,Non-Smoker,Weekly,16.8,114.9,False,False,210.1,74.9,2025-08-24
PAT-100487,36-45,40,68,Male,East,Non-Smoker,Rarely,23.1,127.5,True,False,184.3,90.0,2025-01-23
PAT-100488,46-60,53,67,Male,East,Former Smoker,Daily,20.8,139.4,False,True,186.1,73.0,2025-01-29
PAT-100489,60+,69,67,Male,North,Non-Smoker,Daily,22.5,136.1,True,True,204.1,76.1,2025-09-14
PAT-100490,46-60,58,94,Female,North,Non-Smoker,Never,26.2,134.7,False,False,221.7,73.2,2024-05-21
PAT-100491,60+,80,70,Female,South,Non-Smoker,Daily,18.8,134.7,False,False,213.9,73.5,2025-07-23
PAT-100492,60+,76,72,Female,North,Non-Smoker,Rarely,23.6,133.1,True,False,180.5,105.4,2025-05-11
PAT-100493,60+,68,48,Female,South,Smoker,Rarely,17.6,128.1,False,False,193.2,76.8,2025-01-21
PAT-100494,46-60,58,70,Male,North,Non-Smoker,Weekly,15.0,125.4,True,False,254.8,89.6,2024-02-26
PAT-100495,36-45,37,72,Female,West,Non-Smoker,Never,15.0,130.7,False,False,196.6,74.0,2025-07-12
PAT-100496,36-45,45,65,Male,East,Former Smoker,Weekly,16.5,118.7,True,False,217.6,94.0,2024-06-08
PAT-100497,18-25,25,80,Female,South,Non-Smoker,Never,20.9,116.7,False,False,201.7,75.2,2025-10-15
PAT-100498,36-45,43,63,Male,West,Former Smoker,Rarely,18.9,114.5,False,False,199.1,86.8,2025-08-01
PAT-100499,60+,80,66,Other,North,Non-Smoker,Weekly,21.7,141.8,True,True,205.3,88.7,2024-09-22
PAT-100500,46-60,46,70,Male,East,Non-Smoker,Weekly,24.6,136.8,False,True,218.7,117.7,2024-11-13
PAT-100501,18-25,25,79,Male,East,Smoker,Weekly,16.3,126.5,True,False,207.1,92.3,2024-01-19
PAT-100502,60+,61,70,Male,West,Former Smoker,Weekly,20.5,130.3,False,False,204.2,80.2,2024-12-29
PAT-100503,60+,82,74,Male,North,Non-Smoker,Weekly,23.1,142.2,True,True,181.8,97.1,2024-02-12
PAT-100504,60+,76,75,Male,East,Non-Smoker,Never,20.2,132.5,False,False,212.4,112.8,2025-12-21
PAT-100505,36-45,36,61,Female,West,Smoker,Weekly,18.1,122.7,False,False,186.8,66.3,2025-04-12
PAT-100506,46-60,48,83,Male,West,Non-Smoker,Never,17.4,124.8,False,False,183.2,75.3,2024-06-20
PAT-100507,46-60,53,72,Female,North,Non-Smoker,Weekly,23.9,128.4,False,False,274.3,86.5,2025-08-09
PAT-100508,26-35,34,76,Male,West,Non-Smoker,Never,18.0,118.8,False,False,142.0,80.8,2024-01-15
PAT-100509,36-45,36,64,Female,South,Former Smoker,Weekly,23.4,125.3,False,False,217.6,85.0,2025-02-05
PAT-100510,26-35,33,87,Male,South,Non-Smoker,Weekly,20.9,116.7,True,False,162.0,71.9,2024-03-22
PAT-100511,60+,84,67,Female,North,Non-Smoker,Rarely,24.2,137.0,True,True,207.1,106.4,2024-02-09
PAT-100512,60+,67,66,Female,North,Non-Smoker,Daily,20.3,144.3,False,True,275.2,70.1,2024-06-27
PAT-100513,60+,74,79,Male,South,Former Smoker,Never,22.4,156.0,False,True,171.3,86.0,2024-08-02
PAT-100514,60+,72,90,Female,North,Former Smoker,Weekly,22.2,123.9,False,False,177.9,100.9,2025-06-13
PAT-100515,60+,82,61,Male,East,Non-Smoker,Rarely,21.1,126.3,True,False,202.1,87.3,2025-10-12
PAT-100516,18-25,25,87,Male,East,Former Smoker,Rarely,21.3,108.9,False,False,160.1,76.0,2025-07-20
PAT-100517,60+,77,47,Female,South,Non-Smoker,Rarely,16.8,131.2,False,False,227.6,68.9,2025-06-24
PAT-100518,18-25,22,72,Female,East,Former Smoker,Daily,18.2,120.8,False,False,168.6,83.2,2025-02-16
PAT-100519,46-60,49,96,Male,East,Former Smoker,Weekly,21.5,129.8,True,False,212.3,78.8,2024-09-27
PAT-100520,46-60,57,83,Male,North,Non-Smoker,Weekly,27.6,132.9,False,False,155.2,94.0,2024-07-05
PAT-100521,36-45,41,72,Female,South,Smoker,Weekly,19.4,125.2,False,False,136.1,69.8,2025-11-21
PAT-100522,26-35,27,63,Female,West,Non-Smoker,Daily,21.6,111.9,False,False,179.2,97.7,2025-01-15
PAT-100523,26-35,30,70,Other,North,Smoker,Never,18.2,114.5,False,False,139.9,87.3,2025-02-15
PAT-100524,60+,73,66,Female,West,Non-Smoker,Rarely,21.5,133.3,False,False,245.4,90.2,2024-01-11
PAT-100525,36-45,39,60,Female,West,Non-Smoker,Rarely,15.0,105.0,False,False,143.8,101.3,2024-11-30
PAT-100526,36-45,38,74,Male,South,Non-Smoker,Weekly,18.6,110.2,False,False,158.3,80.9,2025-05-12
PAT-100527,60+,79,72,Female,South,Former Smoker,Weekly,22.4,127.1,False,False,214.1,79.7,2024-12-27
PAT-100528,26-35,27,68,Male,North,Smoker,Rarely,22.3,123.9,False,False,168.5,81.8,2025-03-24
PAT-100529,60+,79,60,Female,East,Non-Smoker,Weekly,21.0,137.2,False,True,156.1,85.3,2025-08-14
PAT-100530,60+,79,61,Male,North,Non-Smoker,Weekly,24.0,141.9,True,True,262.9,88.3,2024-01-16
PAT-100531,46-60,58,74,Female,West,Non-Smoker,Weekly,22.5,114.1,False,False,165.4,78.5,2025-10-22
PAT-100532,26-35,29,76,Female,South,Smoker,Rarely,23.4,107.3,False,False,180.8,64.8,2025-08-19
PAT-100533,26-35,28,72,Female,West,Smoker,Never,18.7,121.3,False,False,180.1,79.5,2024-11-02
PAT-100534,36-45,37,81,Female,West,Non-Smoker,Weekly,26.4,101.6,False,False,210.4,95.2,2025-07-11
PAT-100535,46-60,56,79,Male,South,Non-Smoker,Weekly,20.1,136.5,False,True,208.7,88.7,2024-02-18
PAT-100536,26-35,28,74,Female,East,Non-Smoker,Daily,17.2,100.5,False,False,161.6,99.7,2024-08-13
PAT-100537,46-60,48,81,Male,North,Smoker,Weekly,18.1,129.4,False,False,182.6,109.3,2024-03-19
PAT-100538,18-25,25,76,Male,North,Non-Smoker,Rarely,25.0,111.6,False,False,178.7,99.1,2025-04-08
PAT-100539,46-60,54,71,Male,East,Non-Smoker,Weekly,22.3,135.7,False,True,216.7,105.0,2025-09-17
PAT-100540,18-25,19,104,Male,South,Non-Smoker,Rarely,21.3,140.1,False,True,148.7,97.0,2025-03-15
PAT-100541,60+,65,72,Male,South,Non-Smoker,Weekly,24.2,114.1,False,False,258.0,110.0,2025-06-03
PAT-100542,18-25,21,62,Female,North,Non-Smoker,Daily,18.9,119.3,True,False,161.5,108.6,2024-04-14
PAT-100543,26-35,31,75,Female,West,Non-Smoker,Never,24.3,106.0,False,False,187.0,101.0,2025-11-12
PAT-100544,26-35,29,73,Female,South,Former Smoker,Weekly,15.2,117.7,False,False,151.9,92.6,2024-05-21
PAT-100545,60+,73,61,Male,South,Non-Smoker,Rarely,19.6,130.7,True,False,161.0,84.3,2025-01-19
PAT-100546,18-25,21,91,Male,South,Non-Smoker,Weekly,19.5,115.1,False,False,158.1,86.2,2025-05-13
PAT-100547,46-60,46,76,Male,South,Smoker,Never,15.5,113.1,False,False,162.7,80.2,2025-09-17
PAT-100548,46-60,57,56,Female,East,Smoker,Weekly,21.3,134.0,True,False,182.7,95.2,2025-11-12
PAT-100549,46-60,52,84,Female,West,Smoker,Weekly,21.0,114.2,False,False,164.2,79.0,2025-03-13
PAT-100550,60+,63,85,Male,East,Non-Smoker,Rarely,24.3,141.6,False,True,217.8,87.3,2025-02-24
PAT-100551,60+,71,54,Female,North,Former Smoker,Weekly,25.2,131.7,True,False,175.8,61.9,2024-10-31
PAT-100552,36-45,44,99,Male,West,Smoker,Weekly,22.2,112.5,True,False,164.4,109.0,2025-02-18
PAT-100553,60+,73,85,Male,South,Smoker,Never,22.0,146.5,False,True,188.1,85.6,2025-05-07
PAT-100554,36-45,39,77,Male,North,Non-Smoker,Rarely,20.4,120.4,True,False,219.5,92.7,2025-04-17
PAT-100555,60+,83,97,Male,North,Non-Smoker,Rarely,27.6,155.9,True,True,209.3,109.1,2025-03-08
PAT-100556,46-60,51,71,Female,West,Non-Smoker,Rarely,18.7,133.8,False,False,190.3,89.8,2024-11-17
PAT-100557,60+,67,69,Female,South,Non-Smoker,Never,19.2,123.6,False,False,155.1,103.9,2024-05-22
PAT-100558,60+,76,70,Male,North,Former Smoker,Never,24.1,135.4,False,True,166.5,74.6,2024-02-09
PAT-100559,60+,71,76,Female,West,Non-Smoker,Rarely,22.8,134.5,False,False,160.9,117.4,2024-11-03
PAT-100560,60+,75,75,Female,South,Non-Smoker,Weekly,16.9,143.6,False,True,239.7,98.2,2024-10-16
PAT-100561,46-60,53,70,Female,West,Non-Smoker,Daily,17.0,127.3,False,False,209.8,87.7,2025-03-19
PAT-100562,18-25,20,60,Female,West,Non-Smoker,Rarely,20.7,115.8,False,False,158.2,104.5,2025-10-19
PAT-100563,46-60,51,79,Male,North,Former Smoker,Never,22.1,124.5,True,False,176.4,74.2,2025-05-27
PAT-100564,26-35,30,69,Female,East,Smoker,Weekly,16.7,115.1,False,False,162.2,81.6,2025-08-10
PAT-100565,60+,77,61,Male,East,Non-Smoker,Weekly,20.0,144.4,False,True,174.5,104.3,2025-02-26
PAT-100566,26-35,33,52,Other,North,Non-Smoker,Weekly,16.8,116.7,False,False,201.7,62.7,2025-11-08
PAT-100567,26-35,33,84,Male,South,Former Smoker,Rarely,22.4,116.8,False,False,179.3,95.2,2025-11-16
PAT-100568,26-35,34,40,Female,South,Non-Smoker,Never,15.0,111.4,False,False,250.6,90.4,2024-04-21
PAT-100569,60+,61,80,Male,North,Non-Smoker,Weekly,19.7,123.7,False,False,233.8,110.5,2025-04-11
PAT-100570,46-60,56,72,Male,East,Former Smoker,Rarely,21.2,116.1,False,False,234.1,68.7,2025-01-04
PAT-100571,60+,81,85,Female,South,Non-Smoker,Rarely,23.3,131.3,False,False,222.4,108.3,2025-12-10
PAT-100572,36-45,45,64,Female,West,Non-Smoker,Never,20.3,134.9,False,False,178.8,80.5,2025-03-02
PAT-100573,36-45,36,85,Male,West,Non-Smoker,Daily,17.8,116.6,False,False,206.7,80.3,2024-01-12
PAT-100574,18-25,21,65,Female,East,Non-Smoker,Never,18.5,119.1,False,False,173.8,71.4,2024-06-02
PAT-100575,18-25,18,71,Female,North,Non-Smoker,Rarely,20.8,93.9,False,False,232.3,74.4,2024-04-04
PAT-100576,36-45,43,86,Male,North,Former Smoker,Rarely,22.6,128.2,False,False,203.0,93.4,2024-05-26
PAT-100577,60+,80,64,Female,North,Non-Smoker,Daily,21.3,134.5,False,False,209.9,74.4,2024-03-10
PAT-100578,46-60,53,81,Female,South,Non-Smoker,Rarely,21.2,122.4,False,False,197.7,96.6,2025-07-24
PAT-100579,60+,77,58,Female,West,Former Smoker,Rarely,18.0,134.2,True,False,253.3,77.8,2024-12-26
PAT-100580,18-25,24,81,Male,North,Non-Smoker,Weekly,19.5,111.1,False,False,142.2,72.1,2025-05-05
PAT-100581,18-25,24,89,Male,East,Former Smoker,Weekly,23.8,100.7,False,False,240.3,82.9,2025-12-30
PAT-100582,60+,73,77,Female,North,Non-Smoker,Rarely,21.8,141.0,False,True,194.3,92.1,2025-04-17
PAT-100583,18-25,25,92,Female,South,Former Smoker,Rarely,18.8,117.0,False,False,143.3,83.0,2024-12-15
PAT-100584,18-25,21,60,Female,East,Smoker,Daily,15.7,109.3,False,False,161.7,84.8,2024-07-13
PAT-100585,36-45,45,53,Other,West,Non-Smoker,Weekly,18.1,113.9,False,False,142.0,94.2,2025-07-04
PAT-100586,60+,79,58,Female,West,Non-Smoker,Weekly,19.3,122.5,False,False,221.3,99.6,2025-01-04
PAT-100587,60+,64,77,Female,East,Non-Smoker,Never,22.8,132.9,False,False,166.1,85.0,2025-07-06
PAT-100588,18-25,24,75,Female,North,Former Smoker,Never,20.3,128.5,True,False,190.3,74.6,2024-01-17
PAT-100589,60+,74,71,Female,South,Non-Smoker,Weekly,23.7,136.7,True,True,234.2,90.1,2024-04-29
PAT-100590,60+,74,64,Male,West,Non-Smoker,Weekly,24.2,124.4,False,False,180.0,95.2,2024-04-04
PAT-100591,60+,71,87,Male,North,Non-Smoker,Weekly,25.7,137.1,True,True,191.3,72.9,2025-05-12
PAT-100592,60+,78,55,Female,East,Non-Smoker,Weekly,17.5,132.4,False,False,162.3,74.8,2025-01-13
PAT-100593,26-35,34,91,Male,East,Non-Smoker,Never,19.2,125.3,False,False,176.5,77.9,2024-08-19
PAT-100594,60+,83,112,Male,West,Smoker,Rarely,26.8,145.0,False,True,280.1,88.6,2024-08-14
PAT-100595,36-45,39,74,Female,North,Non-Smoker,Daily,18.6,95.9,False,False,213.0,77.0,2025-03-18
PAT-100596,60+,71,84,Male,North,Former Smoker,Daily,20.0,136.2,False,True,191.4,95.5,2025-12-05
PAT-100597,46-60,56,72,Male,North,Non-Smoker,Weekly,19.4,118.2,True,False,176.4,67.4,2025-12-27
PAT-100598,60+,70,48,Female,South,Non-Smoker,Never,17.3,118.5,False,False,197.7,66.4,2024-12-10
PAT-100599,46-60,60,62,Female,East,Non-Smoker,Rarely,17.9,125.2,False,False,199.9,81.7,2025-05-04
PAT-100600,60+,61,64,Male,North,Non-Smoker,Rarely,19.1,131.1,False,False,183.7,84.4,2024-03-02
PAT-100601,46-60,59,60,Male,East,Smoker,Weekly,22.2,115.8,False,False,211.6,70.9,2025-11-21
PAT-100602,60+,70,98,Male,North,Non-Smoker,Never,25.0,140.1,True,True,170.4,82.7,2024-01-14
PAT-100603,60+,67,73,Female,East,Non-Smoker,Weekly,27.5,141.1,False,True,169.3,86.7,2024-09-06
PAT-100604,26-35,27,74,Female,South,Non-Smoker,Never,19.4,116.5,False,False,197.2,81.9,2025-06-13
PAT-100605,60+,73,74,Male,West,Smoker,Never,21.1,126.3,True,False,164.8,89.5,2025-12-08
PAT-100606,46-60,53,67,Female,South,Non-Smoker,Weekly,19.8,117.6,False,False,215.8,78.9,2024-05-05
PAT-100607,36-45,39,89,Male,West,Non-Smoker,Never,22.2,130.2,False,False,189.3,106.1,2025-04-27
PAT-100608,46-60,52,77,Male,North,Non-Smoker,Weekly,22.0,114.3,False,False,138.8,94.1,2024-05-17
PAT-100609,60+,82,76,Other,North,Smoker,Rarely,27.8,148.9,True,True,205.9,82.0,2024-02-06
PAT-100610,60+,75,75,Male,North,Non-Smoker,Daily,19.9,131.9,False,False,149.9,88.1,2024-11-05
PAT-100611,60+,73,73,Male,South,Non-Smoker,Weekly,23.8,134.1,True,False,220.7,90.8,2025-02-24
PAT-100612,46-60,49,61,Male,West,Non-Smoker,Weekly,19.3,110.1,False,False,185.2,101.2,2024-07-11
PAT-100613,60+,70,46,Female,North,Non-Smoker,Daily,15.0,127.3,False,False,254.5,76.8,2025-12-11
PAT-100614,36-45,43,66,Female,West,Smoker,Daily,20.9,127.5,False,False,223.0,96.7,2025-03-26
PAT-100615,60+,63,70,Other,East,Former Smoker,Weekly,23.9,120.7,False,False,165.1,89.8,2024-11-15
PAT-100616,46-60,60,62,Male,South,Smoker,Rarely,17.4,130.4,False,False,135.4,103.3,2024-12-20
PAT-100617,26-35,34,77,Male,South,Non-Smoker,Weekly,19.8,119.5,False,False,165.5,102.4,2024-12-04
PAT-100618,26-35,35,70,Female,West,Smoker,Weekly,15.0,111.1,False,False,151.9,86.4,2024-03-22
PAT-100619,18-25,22,52,Male,East,Non-Smoker,Never,15.0,118.5,False,False,239.4,80.9,2025-03-18
PAT-100620,26-35,27,59,Female,North,Non-Smoker,Never,19.8,98.7,True,False,185.8,93.0,2025-07-26
PAT-100621,46-60,47,74,Female,West,Former Smoker,Daily,19.1,125.7,False,False,220.1,84.3,2024-11-03
PAT-100622,46-60,50,82,Male,South,Non-Smoker,Weekly,18.6,136.6,False,True,184.4,106.3,2024-11-06
PAT-100623,26-35,29,56,Female,North,Non-Smoker,Rarely,17.6,127.2,False,False,181.3,86.5,2025-10-26
PAT-100624,36-45,45,79,Male,West,Smoker,Rarely,19.4,125.5,False,False,190.5,81.8,2025-03-21
PAT-100625,46-60,58,90,Male,West,Smoker,Weekly,21.6,125.8,True,False,228.6,82.4,2024-08-05
PAT-100626,26-35,33,79,Female,South,Non-Smoker,Rarely,21.8,114.5,False,False,197.2,73.5,2024-01-03
PAT-100627,36-45,40,68,Female,East,Non-Smoker,Daily,16.2,116.3,False,False,158.3,91.4,2025-08-23
PAT-100628,36-45,42,64,Female,North,Non-Smoker,Weekly,16.5,124.0,False,False,239.3,75.1,2025-04-02
PAT-100629,46-60,51,62,Female,West,Former Smoker,Rarely,19.4,118.0,False,False,184.5,99.8,2025-04-02
PAT-100630,36-45,42,75,Other,South,Non-Smoker,Rarely,22.5,129.3,True,False,176.9,73.0,2024-07-25
PAT-100631,60+,67,72,Other,South,Former Smoker,Never,24.3,150.1,False,True,113.2,91.1,2024-05-15
PAT-100632,36-45,39,77,Female,East,Non-Smoker,Daily,18.4,119.2,False,False,208.7,99.8,2024-12-26
PAT-100633,46-60,47,79,Male,South,Non-Smoker,Weekly,23.2,114.6,False,False,195.1,63.1,2025-07-07
PAT-100634,36-45,43,79,Female,East,Non-Smoker,Daily,18.6,110.5,False,False,193.9,110.4,2024-08-05
PAT-100635,26-35,30,71,Other,East,Non-Smoker,Weekly,23.4,125.8,False,False,174.9,83.9,2025-01-19
PAT-100636,60+,63,87,Male,South,Former Smoker,Daily,19.9,128.5,True,False,179.6,88.6,2025-12-28
PAT-100637,26-35,33,88,Male,West,Non-Smoker,Rarely,24.4,128.2,False,False,176.8,96.5,2024-06-09
PAT-100638,36-45,37,68,Male,South,Former Smoker,Rarely,17.3,114.1,False,False,203.0,94.1,2024-06-17
PAT-100639,60+,71,56,Male,West,Non-Smoker,Rarely,24.5,141.2,False,True,218.5,93.0,2024-06-21
PAT-100640,60+,81,88,Female,South,Smoker,Weekly,25.4,137.3,True,True,195.4,102.2,2025-10-28
PAT-100641,60+,62,81,Male,East,Non-Smoker,Daily,19.4,122.5,False,False,225.1,92.9,2025-01-20
PAT-100642,60+,79,49,Female,East,Non-Smoker,Rarely,17.8,130.1,False,False,199.3,106.8,2025-11-01
PAT-100643,60+,75,61,Female,West,Former Smoker,Daily,22.3,125.1,False,False,185.4,94.6,2025-11-22
PAT-100644,46-60,50,79,Female,North,Former Smoker,Never,23.6,142.6,False,True,199.0,112.7,2024-11-03
PAT-100645,60+,69,74,Male,North,Smoker,Daily,21.4,131.2,True,False,157.9,98.7,2024-02-10
PAT-100646,36-45,40,71,Male,West,Smoker,Rarely,19.6,125.9,False,False,197.0,65.1,2024-08-09
PAT-100647,46-60,48,86,Female,West,Smoker,Never,23.6,121.7,False,False,146.1,120.5,2025-01-31
PAT-100648,46-60,53,57,Female,East,Non-Smoker,Rarely,18.9,116.5,False,False,163.1,79.4,2024-10-05
PAT-100649,60+,82,60,Female,South,Smoker,Rarely,17.4,132.3,False,False,142.0,103.4,2024-01-02
PAT-100650,60+,74,72,Female,South,Non-Smoker,Rarely,19.6,141.5,True,True,194.9,87.1,2025-12-23
PAT-100651,46-60,50,82,Male,East,Non-Smoker,Daily,21.9,121.5,True,False,241.3,100.9,2024-08-09
PAT-100652,60+,61,75,Female,East,Former Smoker,Rarely,24.2,123.9,True,False,192.8,81.3,2025-03-27
PAT-100653,26-35,31,88,Male,South,Non-Smoker,Never,25.0,122.1,False,False,206.6,97.5,2025-11-22
PAT-100654,60+,71,80,Male,North,Non-Smoker,Never,24.3,138.4,True,True,269.9,86.5,2025-02-01
PAT-100655,46-60,55,75,Female,North,Smoker,Weekly,21.5,140.3,False,True,206.6,106.8,2025-05-21
PAT-100656,46-60,53,74,Male,South,Former Smoker,Weekly,22.5,129.9,True,False,170.9,93.8,2024-01-27
PAT-100657,60+,69,78,Male,East,Smoker,Rarely,20.4,136.5,False,True,179.9,98.5,2025-05-23
PAT-100658,46-60,60,79,Male,South,Smoker,Rarely,21.2,134.5,False,False,196.0,61.8,2025-09-10
PAT-100659,18-25,22,80,Male,East,Smoker,Weekly,17.4,103.9,False,False,165.6,84.4,2025-11-01
PAT-100660,36-45,37,79,Female,South,Former Smoker,Weekly,17.1,110.5,False,False,172.4,90.2,2024-03-02
PAT-100661,26-35,29,84,Male,South,Smoker,Weekly,21.2,109.2,False,False,216.3,90.4,2024-06-15
PAT-100662,60+,67,70,Female,East,Non-Smoker,Weekly,21.4,120.6,True,False,228.9,99.4,2024-02-04
PAT-100663,18-25,20,60,Female,East,Non-Smoker,Weekly,18.6,119.5,False,False,134.6,81.8,2025-11-01
PAT-100664,26-35,31,78,Male,West,Non-Smoker,Daily,21.1,120.8,False,False,162.8,88.2,2024-07-19
PAT-100665,46-60,58,77,Male,West,Smoker,Daily,21.8,129.0,True,False,181.5,102.3,2025-01-22
PAT-100666,60+,64,72,Female,South,Smoker,Never,22.4,110.1,True,False,215.2,61.1,2024-12-13
PAT-100667,46-60,51,96,Female,East,Non-Smoker,Daily,23.0,143.1,False,True,227.6,95.9,2025-05-17
PAT-100668,60+,75,63,Female,South,Smoker,Daily,21.6,127.1,False,False,281.6,84.0,2025-10-15
PAT-100669,60+,79,75,Female,West,Non-Smoker,Weekly,20.4,151.3,False,True,187.7,76.3,2024-08-24
PAT-100670,26-35,26,90,Male,East,Non-Smoker,Weekly,21.8,105.6,False,False,173.3,92.1,2025-07-30
PAT-100671,60+,81,79,Male,West,Non-Smoker,Never,24.5,131.6,False,False,220.0,104.4,2024-07-31
PAT-100672,46-60,59,98,Female,South,Smoker,Never,22.1,111.3,True,False,175.2,100.7,2024-05-24
PAT-100673,46-60,60,73,Male,North,Non-Smoker,Weekly,21.0,131.5,False,False,191.8,86.0,2024-03-18
PAT-100674,18-25,24,73,Female,North,Smoker,Weekly,17.2,104.9,False,False,172.7,95.8,2024-09-28
PAT-100675,46-60,59,60,Female,East,Non-Smoker,Weekly,17.9,117.8,False,False,117.1,96.2,2025-02-13
PAT-100676,60+,66,65,Female,West,Smoker,Daily,17.5,117.6,True,False,201.5,84.5,2025-07-23
PAT-100677,46-60,56,80,Male,East,Former Smoker,Weekly,24.6,135.6,False,True,189.3,81.4,2025-09-11
PAT-100678,18-25,23,88,Male,West,Non-Smoker,Daily,23.1,122.6,False,False,223.0,81.2,2025-01-19
PAT-100679,46-60,53,81,Male,South,Smoker,Daily,22.8,141.7,True,True,194.1,98.7,2024-10-25
PAT-100680,60+,80,93,Male,West,Smoker,Rarely,29.4,135.2,True,True,164.4,92.1,2024-05-07
PAT-100681,60+,66,68,Female,West,Non-Smoker,Daily,20.2,132.0,False,False,190.1,74.6,2025-10-29
PAT-100682,26-35,27,74,Male,North,Smoker,Daily,26.6,110.1,False,False,123.4,70.7,2024-10-16
PAT-100683,60+,82,110,Male,West,Smoker,Weekly,26.1,136.7,False,True,166.3,100.6,2025-07-12
PAT-100684,60+,82,82,Male,North,Former Smoker,Weekly,23.9,133.9,True,False,221.7,82.8,2025-04-01
PAT-100685,26-35,29,69,Male,East,Non-Smoker,Daily,17.5,119.4,False,False,179.3,89.5,2025-11-10
PAT-100686,60+,71,61,Female,South,Smoker,Daily,21.0,140.6,False,True,227.0,102.5,2025-12-11
PAT-100687,36-45,45,66,Male,South,Non-Smoker,Weekly,21.2,131.4,False,False,132.5,72.0,2025-05-30
PAT-100688,46-60,57,81,Other,West,Non-Smoker,Weekly,21.4,121.0,False,False,187.8,87.3,2025-04-28
PAT-100689,46-60,47,73,Male,East,Former Smoker,Never,24.5,134.1,True,False,177.8,87.7,2024-04-10
PAT-100690,60+,70,71,Female,North,Smoker,Never,21.8,132.2,True,False,227.7,92.6,2024-01-12
PAT-100691,60+,84,77,Male,North,Non-Smoker,Weekly,23.5,135.9,True,True,223.4,104.0,2025-02-02
PAT-100692,60+,71,86,Male,North,Non-Smoker,Weekly,20.8,126.7,False,False,218.6,71.5,2025-05-29
PAT-100693,60+,80,59,Female,South,Smoker,Rarely,21.4,131.4,True,False,248.2,94.7,2025-06-28
PAT-100694,60+,81,57,Other,North,Smoker,Rarely,19.9,149.2,True,True,191.3,99.3,2024-07-02
PAT-100695,18-25,24,72,Female,South,Non-Smoker,Weekly,17.1,116.1,False,False,225.3,83.0,2025-01-02
PAT-100696,26-35,34,85,Male,West,Former Smoker,Daily,18.8,119.6,False,False,156.9,84.6,2025-09-21
PAT-100697,60+,66,81,Male,West,Non-Smoker,Weekly,28.9,133.3,False,False,165.4,97.4,2024-03-10
PAT-100698,46-60,57,60,Female,West,Non-Smoker,Rarely,18.5,145.6,True,True,217.7,90.2,2024-10-07
PAT-100699,18-25,21,86,Male,South,Non-Smoker,Daily,16.5,122.7,False,False,139.2,91.9,2025-11-20
PAT-100700,18-25,24,61,Female,East,Former Smoker,Weekly,15.5,106.9,False,False,202.4,91.0,2024-05-25
PAT-100701,46-60,52,63,Female,West,Non-Smoker,Weekly,19.1,122.5,False,False,196.6,74.7,2024-08-19
PAT-100702,46-60,59,58,Female,North,Non-Smoker,Weekly,20.4,126.2,False,False,227.9,99.1,2024-12-07
PAT-100703,26-35,29,85,Female,West,Non-Smoker,Weekly,21.8,119.4,True,False,184.9,102.1,2025-05-17
PAT-100704,26-35,29,77,Female,East,Non-Smoker,Rarely,21.2,112.3,False,False,188.4,90.0,2024-07-05
PAT-100705,26-35,26,85,Male,South,Former Smoker,Rarely,18.7,118.8,False,False,201.1,68.3,2025-08-01
PAT-100706,46-60,55,92,Male,South,Smoker,Weekly,23.7,140.1,True,True,174.6,87.8,2024-06-21
PAT-100707,18-25,18,103,Female,South,Smoker,Daily,19.8,102.7,False,False,162.2,89.2,2024-09-25
PAT-100708,46-60,56,49,Female,North,Former Smoker,Never,16.2,115.3,False,False,209.0,71.0,2025-02-22
PAT-100709,46-60,49,69,Male,North,Non-Smoker,Weekly,17.4,118.7,False,False,191.8,81.1,2024-01-09
PAT-100710,46-60,49,70,Male,South,Smoker,Daily,16.9,118.8,True,False,180.5,68.2,2025-07-14
PAT-100711,60+,63,59,Female,North,Smoker,Weekly,22.0,146.2,False,True,194.4,95.5,2025-05-03
PAT-100712,46-60,53,57,Female,East,Non-Smoker,Never,20.3,133.7,False,False,241.7,89.2,2025-09-01
PAT-100713,60+,66,66,Female,South,Former Smoker,Rarely,22.8,139.3,True,True,184.5,68.9,2024-07-19
PAT-100714,60+,69,63,Male,South,Smoker,Never,20.3,129.2,False,False,184.5,91.4,2024-10-17
PAT-100715,60+,79,82,Male,North,Smoker,Rarely,25.0,135.4,False,True,150.5,89.3,2025-10-17
PAT-100716,60+,71,70,Female,West,Non-Smoker,Weekly,16.8,118.3,False,False,198.0,91.3,2024-02-18
PAT-100717,46-60,52,83,Male,East,Former Smoker,Weekly,23.8,133.7,True,False,213.3,84.6,2024-12-24
PAT-100718,46-60,50,76,Female,South,Non-Smoker,Weekly,21.1,129.1,False,False,218.1,78.0,2024-12-19
PAT-100719,26-35,33,77,Female,East,Former Smoker,Rarely,21.3,129.6,False,False,191.1,78.5,2024-11-22
PAT-100720,46-60,58,73,Male,South,Former Smoker,Rarely,21.7,126.6,False,False,224.1,81.6,2024-11-12
PAT-100721,26-35,27,103,Male,North,Non-Smoker,Weekly,20.0,115.3,False,False,208.0,87.2,2025-06-29
PAT-100722,60+,80,80,Male,East,Former Smoker,Never,19.2,135.9,False,True,235.4,88.3,2024-05-23
PAT-100723,60+,74,47,Female,West,Non-Smoker,Weekly,16.8,138.1,False,True,229.7,82.8,2025-10-12
PAT-100724,26-35,26,57,Female,East,Non-Smoker,Daily,18.3,103.3,False,False,232.9,80.9,2025-10-16
PAT-100725,60+,70,57,Male,East,Non-Smoker,Weekly,21.3,138.2,True,True,193.9,83.6,2024-05-10
PAT-100726,18-25,25,70,Female,North,Former Smoker,Never,15.0,112.6,False,False,145.7,114.1,2025-12-12
PAT-100727,60+,66,76,Male,East,Non-Smoker,Never,19.1,121.1,True,False,217.7,77.2,2024-07-10
PAT-100728,18-25,23,72,Male,East,Non-Smoker,Weekly,16.7,96.4,False,False,208.3,78.3,2024-02-07
PAT-100729,46-60,50,94,Female,South,Former Smoker,Never,21.9,124.5,False,False,240.1,127.7,2024-10-17
PAT-100730,60+,62,84,Male,North,Non-Smoker,Never,18.9,139.6,True,True,235.0,91.4,2025-08-03
PAT-100731,60+,66,86,Male,West,Former Smoker,Never,19.2,143.0,False,True,256.2,70.0,2025-09-08
PAT-100732,46-60,46,58,Female,South,Former Smoker,Never,16.2,123.7,False,False,210.4,94.8,2025-04-16
PAT-100733,60+,79,66,Male,South,Smoker,Weekly,21.4,151.2,False,True,208.6,76.9,2025-08-15
PAT-100734,60+,69,70,Female,East,Smoker,Rarely,18.1,129.7,False,False,157.2,96.8,2024-07-09
PAT-100735,26-35,31,80,Male,South,Non-Smoker,Rarely,19.7,125.3,False,False,196.5,84.3,2025-10-03
PAT-100736,60+,62,55,Male,East,Former Smoker,Rarely,21.5,126.0,False,False,180.0,82.6,2025-04-08
PAT-100737,60+,66,75,Male,East,Non-Smoker,Weekly,18.2,124.9,True,False,204.1,105.2,2024-04-07
PAT-100738,36-45,40,78,Male,South,Non-Smoker,Rarely,19.8,115.5,False,False,191.6,93.7,2024-04-03
PAT-100739,60+,67,75,Male,North,Smoker,Never,24.1,116.4,True,False,212.3,101.1,2024-07-14
PAT-100740,60+,78,68,Male,North,Non-Smoker,Weekly,20.3,144.8,False,True,198.5,92.4,2024-02-20
PAT-100741,60+,72,63,Female,West,Non-Smoker,Never,19.0,126.5,False,False,227.7,81.1,2024-07-25
PAT-100742,60+,69,75,Male,East,Smoker,Weekly,24.6,127.5,True,False,117.0,97.1,2025-12-26
PAT-100743,46-60,60,79,Male,South,Former Smoker,Weekly,20.8,119.0,False,False,201.7,102.0,2024-06-24
PAT-100744,36-45,36,85,Male,South,Smoker,Daily,23.6,120.1,False,False,224.9,90.8,2025-04-09
PAT-100745,60+,71,90,Male,East,Former Smoker,Rarely,24.7,148.8,True,True,255.4,111.4,2025-12-14
PAT-100746,36-45,42,74,Male,West,Smoker,Rarely,19.1,137.9,False,True,212.6,96.7,2024-07-03
PAT-100747,46-60,53,64,Female,West,Former Smoker,Weekly,20.6,112.6,False,False,244.4,89.9,2025-05-23
PAT-100748,36-45,39,83,Male,East,Non-Smoker,Rarely,21.6,118.8,False,False,194.8,91.0,2024-11-24
PAT-100749,36-45,38,77,Female,South,Smoker,Weekly,22.6,113.6,False,False,189.5,90.2,2024-07-27
PAT-100750,26-35,28,64,Female,West,Smoker,Weekly,16.5,122.6,False,False,202.3,69.9,2025-11-24
PAT-100751,60+,82,87,Male,West,Smoker,Never,24.0,140.4,True,True,202.5,88.3,2025-04-24
PAT-100752,26-35,27,89,Male,South,Non-Smoker,Rarely,20.7,111.8,False,False,162.6,90.1,2024-11-16
PAT-100753,18-25,23,93,Male,West,Former Smoker,Rarely,22.8,117.3,True,False,169.4,83.7,2025-08-15
PAT-100754,60+,80,91,Female,West,Non-Smoker,Rarely,21.7,132.2,True,False,168.6,92.1,2025-10-19
PAT-100755,46-60,55,67,Male,West,Non-Smoker,Never,22.4,140.6,False,True,210.4,88.7,2025-07-24
PAT-100756,46-60,47,70,Female,North,Non-Smoker,Weekly,20.9,128.4,False,False,192.4,96.8,2025-09-26
PAT-100757,60+,67,70,Female,North,Non-Smoker,Weekly,17.6,134.4,False,False,187.3,93.5,2024-08-23
PAT-100758,36-45,43,68,Female,South,Non-Smoker,Daily,22.3,102.1,False,False,173.9,90.4,2024-09-08
PAT-100759,26-35,26,62,Female,West,Non-Smoker,Rarely,23.1,117.4,False,False,201.0,72.5,2024-06-18
PAT-100760,60+,66,52,Other,North,Non-Smoker,Rarely,21.2,147.5,False,True,221.2,109.2,2025-05-23
PAT-100761,26-35,29,79,Male,North,Former Smoker,Rarely,23.3,129.7,False,False,152.8,87.3,2025-08-09
PAT-100762,46-60,55,68,Male,North,Non-Smoker,Weekly,20.2,111.6,True,False,155.9,86.1,2025-04-27
PAT-100763,60+,81,79,Male,North,Smoker,Daily,18.7,132.1,False,False,230.9,82.1,2025-03-13
PAT-100764,60+,80,60,Female,West,Smoker,Rarely,15.9,122.9,True,False,160.7,78.7,2025-07-16
PAT-100765,36-45,42,56,Female,East,Non-Smoker,Never,18.4,134.4,False,False,207.0,104.6,2024-05-12
PAT-100766,60+,70,72,Female,East,Non-Smoker,Weekly,19.9,133.4,False,False,247.5,103.6,2024-09-24
PAT-100767,46-60,59,79,Male,South,Former Smoker,Weekly,19.3,121.1,False,False,244.3,91.9,2025-05-31
PAT-100768,46-60,50,76,Other,East,Non-Smoker,Weekly,20.5,125.1,False,False,215.1,86.0,2024-02-08
PAT-100769,26-35,27,96,Female,West,Non-Smoker,Weekly,23.2,97.5,False,False,207.4,96.3,2025-10-26
PAT-100770,36-45,43,73,Female,East,Non-Smoker,Weekly,16.2,111.1,False,False,258.5,85.6,2024-05-04
PAT-100771,60+,61,75,Other,West,Non-Smoker,Weekly,20.1,128.7,True,False,126.3,84.8,2025-07-28
PAT-100772,60+,84,65,Male,East,Former Smoker,Rarely,25.1,146.2,False,True,189.3,94.1,2025-03-26
PAT-100773,18-25,18,62,Male,South,Smoker,Weekly,15.0,94.8,False,False,208.9,78.7,2025-09-10
PAT-100774,60+,66,88,Female,East,Non-Smoker,Weekly,25.2,130.2,True,False,187.7,93.1,2025-07-19
PAT-100775,60+,74,66,Male,West,Former Smoker,Daily,19.7,140.8,False,True,237.4,89.3,2025-01-11
PAT-100776,60+,81,65,Male,West,Non-Smoker,Never,22.5,125.2,False,False,201.1,95.7,2025-07-05
PAT-100777,46-60,46,77,Male,South,Former Smoker,Weekly,23.3,126.9,True,False,195.8,81.6,2024-09-09
PAT-100778,18-25,25,76,Male,East,Non-Smoker,Weekly,21.0,116.9,False,False,177.3,96.1,2025-03-02
PAT-100779,36-45,36,59,Female,West,Former Smoker,Daily,20.0,133.3,False,False,173.1,76.1,2025-10-29
PAT-100780,60+,74,66,Female,East,Non-Smoker,Rarely,18.0,129.9,False,False,183.8,78.9,2024-03-02
PAT-100781,60+,76,92,Male,East,Non-Smoker,Never,26.9,136.4,False,True,208.9,84.8,2024-09-16
PAT-100782,46-60,60,68,Male,South,Smoker,Daily,18.1,133.7,False,False,172.8,73.0,2024-01-13
PAT-100783,26-35,26,61,Male,West,Smoker,Daily,18.0,104.3,False,False,214.4,98.0,2025-01-25
PAT-100784,26-35,26,81,Female,West,Non-Smoker,Daily,20.4,114.6,False,False,205.4,75.6,2025-07-24
PAT-100785,46-60,50,75,Female,North,Smoker,Rarely,21.7,121.9,False,False,226.0,79.6,2024-01-29
PAT-100786,46-60,57,62,Female,North,Non-Smoker,Never,20.2,126.0,False,False,161.2,102.2,2025-02-05
PAT-100787,18-25,20,59,Male,North,Former Smoker,Weekly,15.0,117.8,False,False,133.0,77.2,2024-10-30
PAT-100788,60+,63,69,Male,South,Former Smoker,Weekly,17.2,131.8,False,False,196.8,83.1,2025-07-25
PAT-100789,46-60,54,77,Male,North,Smoker,Rarely,23.2,121.8,True,False,281.2,76.8,2024-06-09
PAT-100790,18-25,18,83,Female,West,Former Smoker,Rarely,20.0,114.4,False,False,221.4,97.0,2024-04-28
PAT-100791,18-25,24,65,Male,West,Smoker,Weekly,20.6,127.7,False,False,168.6,97.5,2024-03-10
PAT-100792,46-60,48,68,Female,North,Non-Smoker,Weekly,19.4,116.8,False,False,205.1,95.5,2024-10-24
PAT-100793,60+,66,78,Female,West,Former Smoker,Weekly,18.3,130.2,False,False,219.6,92.4,2024-12-21
PAT-100794,60+,73,49,Male,North,Smoker,Rarely,21.2,131.7,False,False,158.8,88.6,2025-11-01
PAT-100795,46-60,46,90,Male,West,Smoker,Rarely,21.2,123.3,False,False,232.9,81.4,2024-12-06
PAT-100796,36-45,37,63,Male,South,Smoker,Rarely,19.2,106.4,False,False,184.1,76.7,2024-05-05
PAT-100797,60+,82,81,Male,North,Non-Smoker,Never,21.5,147.9,False,True,199.9,103.4,2025-05-25
PAT-100798,46-60,48,80,Male,South,Former Smoker,Weekly,25.1,120.7,False,False,193.1,99.2,2024-02-14
PAT-100799,36-45,39,83,Female,West,Smoker,Weekly,18.6,128.0,True,False,224.0,77.8,2024-09-09
PAT-100800,46-60,47,84,Male,West,Smoker,Daily,20.6,118.8,False,False,169.4,87.8,2025-04-22
PAT-100801,18-25,18,49,Male,North,Non-Smoker,Never,15.7,105.7,False,False,132.2,80.8,2024-07-04
PAT-100802,36-45,38,60,Female,West,Smoker,Rarely,15.3,127.2,False,False,199.1,70.6,2025-03-10
PAT-100803,46-60,52,71,Female,South,Non-Smoker,Weekly,21.0,133.8,False,False,132.3,89.7,2024-11-26
PAT-100804,60+,79,75,Male,South,Former Smoker,Daily,26.3,140.1,False,True,192.7,85.8,2025-11-25
PAT-100805,60+,67,75,Female,North,Non-Smoker,Rarely,20.3,136.7,False,True,233.7,75.7,2024-07-28
PAT-100806,60+,70,79,Female,West,Former Smoker,Rarely,23.2,131.1,True,False,216.4,71.2,2025-10-23
PAT-100807,46-60,54,77,Female,West,Non-Smoker,Rarely,15.0,122.8,False,False,225.5,65.2,2025-04-01
PAT-100808,18-25,25,67,Female,East,Former Smoker,Weekly,18.0,109.3,False,False,204.1,81.3,2025-07-01
PAT-100809,36-45,44,55,Male,East,Smoker,Never,17.0,127.8,False,False,263.5,84.2,2024-05-03
PAT-100810,60+,84,64,Female,West,Smoker,Rarely,19.2,130.4,False,False,185.6,76.0,2024-01-14
PAT-100811,18-25,20,82,Male,North,Non-Smoker,Rarely,22.3,127.3,False,False,195.9,96.2,2025-06-17
PAT-100812,60+,76,56,Female,North,Smoker,Rarely,19.0,130.5,False,False,187.7,85.6,2024-12-16
PAT-100813,60+,63,77,Female,North,Former Smoker,Never,21.1,129.9,False,False,225.6,94.6,2024-08-13
PAT-100814,36-45,37,88,Male,South,Non-Smoker,Never,20.4,126.3,False,False,187.3,85.0,2025-10-16
PAT-100815,60+,70,79,Male,South,Former Smoker,Rarely,17.4,130.1,False,False,250.6,76.0,2024-08-26
PAT-100816,60+,74,40,Female,North,Non-Smoker,Weekly,15.0,127.5,False,False,184.3,85.4,2024-11-12
PAT-100817,18-25,20,54,Female,East,Non-Smoker,Weekly,18.6,112.9,False,False,226.2,71.0,2025-06-12
PAT-100818,18-25,25,100,Male,North,Non-Smoker,Never,16.7,120.9,False,False,203.3,91.5,2025-12-03
PAT-100819,60+,62,63,Female,West,Smoker,Rarely,17.9,122.1,True,False,195.6,74.5,2025-10-18
PAT-100820,60+,84,46,Female,East,Non-Smoker,Daily,18.1,134.3,False,False,219.5,96.9,2025-04-21
PAT-100821,18-25,19,84,Female,West,Non-Smoker,Daily,24.1,116.2,False,False,191.5,85.4,2024-03-21
PAT-100822,60+,62,78,Male,North,Former Smoker,Never,23.5,137.7,False,True,207.3,101.9,2024-03-20
PAT-100823,26-35,27,91,Male,West,Non-Smoker,Never,19.7,115.5,False,False,179.9,73.3,2025-05-20
PAT-100824,60+,61,73,Female,East,Smoker,Never,24.2,145.3,True,True,175.3,81.4,2025-01-06
PAT-100825,46-60,59,83,Male,West,Non-Smoker,Weekly,20.2,126.5,False,False,185.6,91.7,2024-04-07
PAT-100826,18-25,24,74,Female,East,Non-Smoker,Rarely,21.4,114.3,False,False,134.7,101.9,2025-05-22
PAT-100827,60+,63,86,Male,East,Smoker,Never,19.2,127.2,False,False,222.2,106.5,2025-11-18
PAT-100828,60+,78,97,Female,North,Non-Smoker,Weekly,27.5,128.3,False,False,164.3,92.0,2024-02-17
PAT-100829,60+,75,89,Male,East,Non-Smoker,Daily,22.7,126.6,True,False,194.0,110.7,2025-08-25
PAT-100830,18-25,19,59,Male,South,Smoker,Never,15.0,106.4,False,False,203.1,80.5,2024-09-08
PAT-100831,26-35,34,75,Female,West,Non-Smoker,Daily,19.0,127.4,False,False,213.4,99.6,2024-10-17
PAT-100832,26-35,34,83,Female,East,Smoker,Rarely,21.2,119.4,False,False,135.0,76.4,2025-06-07
PAT-100833,46-60,48,84,Female,North,Non-Smoker,Rarely,20.2,120.0,False,False,189.6,92.2,2024-06-29
PAT-100834,26-35,27,64,Other,West,Smoker,Rarely,19.2,125.8,False,False,199.9,58.4,2024-04-24
PAT-100835,60+,75,83,Other,North,Non-Smoker,Weekly,21.5,146.6,True,True,202.1,74.4,2025-12-04
PAT-100836,60+,70,81,Female,South,Smoker,Rarely,24.0,143.9,True,True,239.3,95.0,2024-09-11
PAT-100837,60+,72,108,Male,North,Former Smoker,Weekly,26.9,129.5,False,False,174.9,75.4,2024-05-03
PAT-100838,26-35,31,60,Female,West,Smoker,Never,17.4,112.3,False,False,125.8,90.6,2025-05-18
PAT-100839,18-25,18,63,Female,North,Non-Smoker,Weekly,16.1,125.5,False,False,207.7,95.5,2024-06-07
PAT-100840,60+,79,74,Male,West,Non-Smoker,Rarely,22.5,138.1,False,True,185.6,82.5,2025-07-20
PAT-100841,36-45,37,72,Male,North,Smoker,Rarely,20.8,118.3,False,False,136.3,75.9,2024-02-21
PAT-100842,60+,61,59,Female,East,Non-Smoker,Weekly,24.4,136.7,False,True,191.5,83.9,2025-01-13
PAT-100843,60+,78,40,Female,North,Former Smoker,Weekly,20.3,142.5,False,True,238.3,75.6,2024-10-21
PAT-100844,18-25,20,64,Female,South,Former Smoker,Rarely,19.8,109.3,False,False,146.1,85.7,2025-11-29
PAT-100845,18-25,18,74,Other,East,Non-Smoker,Daily,26.2,118.8,False,False,253.5,91.9,2025-01-15
PAT-100846,18-25,18,64,Female,East,Smoker,Weekly,18.6,119.9,False,False,158.3,82.5,2025-11-06
PAT-100847,26-35,28,101,Male,West,Non-Smoker,Weekly,23.5,109.6,False,False,189.0,109.2,2024-06-30
PAT-100848,18-25,21,78,Male,West,Non-Smoker,Never,20.9,115.0,False,False,147.7,78.9,2024-12-11
PAT-100849,60+,72,93,Male,East,Smoker,Rarely,21.5,124.2,False,False,200.8,104.6,2025-08-17
PAT-100850,46-60,58,81,Male,South,Non-Smoker,Weekly,20.6,119.8,True,False,191.4,74.9,2024-04-27
PAT-100851,60+,83,79,Female,South,Non-Smoker,Never,21.7,132.6,True,False,158.2,88.9,2025-11-08
PAT-100852,60+,71,73,Female,West,Non-Smoker,Weekly,23.2,137.6,False,True,284.1,103.1,2025-07-18
PAT-100853,60+,82,94,Male,East,Non-Smoker,Weekly,24.3,135.7,True,True,187.7,103.2,2025-05-09
PAT-100854,26-35,33,78,Male,West,Non-Smoker,Weekly,20.2,113.5,False,False,173.1,82.1,2024-06-26
PAT-100855,36-45,37,75,Female,South,Smoker,Weekly,22.5,121.9,False,False,218.2,95.2,2025-08-20
PAT-100856,60+,74,82,Male,South,Non-Smoker,Weekly,25.0,126.7,True,False,254.6,95.1,2025-09-07
PAT-100857,26-35,34,66,Female,West,Smoker,Rarely,18.1,121.2,True,False,222.0,79.4,2024-08-01
PAT-100858,18-25,21,82,Male,East,Non-Smoker,Daily,17.9,122.1,False,False,148.3,93.1,2025-03-04
PAT-100859,60+,62,96,Female,North,Non-Smoker,Rarely,26.6,132.0,True,False,203.0,113.3,2024-02-14
PAT-100860,60+,71,74,Male,East,Non-Smoker,Weekly,23.6,132.4,True,False,142.9,94.8,2024-10-14
PAT-100861,60+,82,75,Female,North,Smoker,Weekly,18.4,137.7,False,True,229.7,92.8,2024-04-19
PAT-100862,60+,80,93,Male,West,Non-Smoker,Daily,23.7,121.0,False,False,152.9,97.3,2025-02-10
PAT-100863,26-35,26,83,Female,North,Non-Smoker,Rarely,20.5,120.7,False,False,161.7,69.8,2025-02-04
PAT-100864,60+,69,78,Male,West,Non-Smoker,Rarely,24.0,158.4,False,True,198.6,94.9,2025-01-23
PAT-100865,60+,74,49,Male,West,Former Smoker,Weekly,21.1,132.6,False,False,213.6,75.5,2025-05-09
PAT-100866,60+,64,76,Female,North,Non-Smoker,Weekly,22.2,129.8,False,False,189.4,81.2,2025-11-06
PAT-100867,60+,72,51,Male,East,Former Smoker,Weekly,20.4,138.4,False,True,245.2,113.2,2024-05-23
PAT-100868,60+,74,95,Male,North,Smoker,Never,24.5,148.8,False,True,221.9,86.7,2024-06-05
PAT-100869,46-60,47,80,Male,South,Non-Smoker,Weekly,19.3,130.8,False,False,211.4,77.7,2024-06-06
PAT-100870,18-25,20,89,Male,South,Smoker,Rarely,19.7,96.6,False,False,147.1,100.7,2025-11-08
PAT-100871,46-60,48,67,Male,East,Non-Smoker,Weekly,19.5,128.0,False,False,243.4,75.3,2024-03-08
PAT-100872,26-35,31,51,Female,West,Smoker,Weekly,16.4,136.3,False,True,163.2,79.5,2024-01-23
PAT-100873,18-25,25,81,Male,South,Non-Smoker,Rarely,15.0,117.7,False,False,237.6,99.0,2024-04-27
PAT-100874,26-35,26,69,Female,South,Non-Smoker,Weekly,17.4,105.3,False,False,246.5,86.0,2025-07-15
PAT-100875,60+,64,64,Other,North,Non-Smoker,Daily,20.2,131.8,False,False,212.6,68.4,2025-02-27
PAT-100876,46-60,51,79,Male,West,Smoker,Never,20.4,114.8,False,False,224.3,93.8,2025-11-02
PAT-100877,46-60,54,103,Female,South,Smoker,Daily,23.5,137.9,False,True,101.7,84.3,2024-05-29
PAT-100878,60+,67,80,Female,South,Non-Smoker,Weekly,23.4,124.8,True,False,192.2,107.5,2024-10-14
PAT-100879,46-60,54,82,Female,North,Non-Smoker,Weekly,18.9,125.8,False,False,227.3,79.1,2025-02-09
PAT-100880,46-60,60,88,Male,South,Smoker,Weekly,18.6,120.3,True,False,223.7,98.8,2024-02-23
PAT-100881,18-25,23,95,Male,East,Non-Smoker,Rarely,20.4,110.9,False,False,148.3,108.5,2025-11-01
PAT-100882,60+,75,75,Male,West,Smoker,Daily,23.9,147.5,True,True,191.7,79.1,2025-08-10
PAT-100883,46-60,48,45,Female,South,Non-Smoker,Never,21.0,125.2,False,False,116.3,85.3,2024-04-14
PAT-100884,26-35,28,67,Other,East,Non-Smoker,Rarely,20.2,112.4,False,False,198.8,91.8,2025-09-07
PAT-100885,60+,72,79,Female,West,Smoker,Never,18.6,122.2,True,False,143.1,75.9,2024-11-23
PAT-100886,60+,67,66,Male,South,Smoker,Never,19.9,115.4,True,False,232.0,90.2,2024-09-02
PAT-100887,18-25,21,67,Female,South,Smoker,Never,18.5,103.4,False,False,219.8,83.4,2025-11-21
PAT-100888,26-35,30,69,Male,North,Smoker,Rarely,19.0,117.8,False,False,172.8,83.5,2025-01-13
PAT-100889,18-25,19,88,Female,West,Non-Smoker,Weekly,21.6,122.5,False,False,199.3,88.5,2024-06-14
PAT-100890,36-45,36,86,Male,North,Former Smoker,Weekly,18.7,114.3,False,False,182.3,87.1,2025-08-13
PAT-100891,18-25,24,77,Female,North,Former Smoker,Rarely,19.4,127.6,False,False,192.5,88.6,2025-06-06
PAT-100892,60+,65,77,Female,North,Non-Smoker,Weekly,22.7,125.6,True,False,163.1,81.4,2024-05-20
PAT-100893,46-60,53,77,Male,East,Non-Smoker,Rarely,23.0,125.4,False,False,212.6,82.1,2025-05-09
PAT-100894,60+,83,80,Male,South,Non-Smoker,Daily,21.1,128.1,False,False,153.7,86.2,2025-04-04
PAT-100895,60+,68,55,Female,East,Former Smoker,Never,18.3,137.7,True,True,143.5,85.4,2024-07-20
PAT-100896,46-60,58,51,Male,East,Smoker,Weekly,15.0,141.1,False,True,191.7,78.7,2024-11-10
PAT-100897,46-60,52,71,Female,North,Non-Smoker,Never,18.6,110.3,False,False,187.3,90.0,2025-09-04
PAT-100898,18-25,21,73,Female,South,Non-Smoker,Weekly,17.2,109.9,False,False,192.5,63.5,2024-05-07
PAT-100899,18-25,22,84,Female,North,Smoker,Daily,17.4,123.3,False,False,165.1,76.7,2025-06-11
PAT-100900,46-60,59,96,Male,North,Non-Smoker,Never,24.0,118.5,False,False,252.3,86.0,2025-08-29
PAT-100901,18-25,18,96,Male,South,Former Smoker,Never,21.0,118.4,False,False,188.2,77.3,2025-11-14
PAT-100902,18-25,20,66,Male,South,Former Smoker,Rarely,15.0,120.8,False,False,191.0,103.6,2024-08-25
PAT-100903,26-35,32,65,Other,North,Smoker,Never,18.8,118.1,False,False,193.5,86.5,2024-07-13
PAT-100904,60+,77,83,Male,South,Non-Smoker,Weekly,20.8,138.8,True,True,231.2,89.6,2025-11-13
PAT-100905,46-60,48,108,Male,South,Non-Smoker,Never,25.6,141.2,True,True,209.7,84.6,2024-12-03
PAT-100906,60+,65,95,Male,West,Non-Smoker,Weekly,20.6,145.7,False,True,210.8,87.2,2025-02-19
PAT-100907,36-45,45,83,Other,East,Non-Smoker,Rarely,21.3,123.0,False,False,213.6,73.2,2025-01-09
PAT-100908,26-35,29,73,Male,South,Smoker,Weekly,18.3,111.9,False,False,132.0,83.9,2025-01-10
PAT-100909,36-45,42,59,Female,South,Former Smoker,Daily,18.9,113.7,False,False,137.0,75.1,2025-03-31
PAT-100910,18-25,24,79,Female,North,Former Smoker,Rarely,19.8,123.1,False,False,182.9,83.6,2024-11-05
PAT-100911,60+,69,56,Female,South,Non-Smoker,Rarely,18.7,119.4,False,False,192.8,55.5,2024-10-13
PAT-100912,26-35,30,67,Other,East,Non-Smoker,Weekly,15.0,112.5,False,False,204.4,70.5,2024-10-19
PAT-100913,36-45,43,68,Female,North,Non-Smoker,Never,15.6,120.2,False,False,191.5,101.9,2025-04-24
PAT-100914,60+,83,89,Female,West,Non-Smoker,Rarely,22.7,133.6,False,False,220.4,98.6,2025-08-20
PAT-100915,46-60,57,73,Male,East,Smoker,Weekly,20.7,129.6,True,False,157.7,103.2,2025-02-09
PAT-100916,46-60,48,40,Female,West,Non-Smoker,Rarely,15.0,141.3,False,True,192.1,100.7,2025-05-09
PAT-100917,46-60,54,76,Female,South,Smoker,Weekly,22.4,126.4,False,False,154.0,96.5,2024-10-28
PAT-100918,60+,70,61,Female,West,Former Smoker,Daily,19.3,127.6,False,False,210.6,81.1,2025-07-18
PAT-100919,26-35,35,70,Female,South,Non-Smoker,Rarely,16.6,125.3,False,False,132.2,72.5,2024-10-14
PAT-100920,46-60,60,68,Other,West,Non-Smoker,Daily,19.6,129.7,False,False,206.4,100.5,2024-11-03
PAT-100921,60+,76,66,Female,East,Non-Smoker,Daily,21.6,146.1,False,True,156.7,88.7,2024-02-10
PAT-100922,46-60,56,79,Female,East,Former Smoker,Rarely,22.2,129.2,True,False,183.3,118.2,2024-07-09
PAT-100923,46-60,47,59,Male,North,Smoker,Daily,23.1,123.3,False,False,218.9,84.5,2025-06-23
PAT-100924,26-35,27,71,Male,West,Smoker,Never,17.0,100.4,True,False,192.9,108.9,2024-03-04
PAT-100925,26-35,34,86,Male,North,Smoker,Rarely,20.7,106.4,False,False,138.8,85.5,2024-06-12
PAT-100926,60+,81,70,Male,North,Non-Smoker,Daily,22.8,122.3,True,False,182.1,104.7,2025-07-20
PAT-100927,46-60,54,58,Male,South,Former Smoker,Rarely,18.7,128.2,False,False,149.2,106.6,2025-09-29
PAT-100928,36-45,38,86,Male,West,Smoker,Daily,19.9,109.3,False,False,138.6,74.7,2024-10-30
PAT-100929,46-60,46,83,Female,West,Former Smoker,Rarely,17.4,131.6,True,False,195.3,79.6,2024-10-24
PAT-100930,46-60,56,77,Male,West,Non-Smoker,Daily,19.8,126.7,False,False,211.6,74.5,2025-01-06
PAT-100931,46-60,54,46,Female,East,Non-Smoker,Never,15.0,120.9,False,False,207.4,69.2,2025-07-16
PAT-100932,60+,64,78,Female,West,Smoker,Weekly,17.4,121.1,False,False,215.3,93.4,2024-12-08
PAT-100933,26-35,35,58,Male,South,Non-Smoker,Rarely,15.6,121.6,False,False,188.1,82.0,2024-05-06
PAT-100934,60+,61,81,Male,South,Non-Smoker,Daily,19.3,121.5,False,False,188.1,87.2,2024-11-10
PAT-100935,46-60,47,67,Male,North,Non-Smoker,Weekly,20.8,116.0,False,False,159.9,94.2,2024-07-04
PAT-100936,60+,81,56,Other,West,Smoker,Weekly,21.6,145.8,True,True,189.1,65.7,2025-05-14
PAT-100937,26-35,28,72,Male,South,Former Smoker,Rarely,16.6,117.6,False,False,146.8,100.4,2024-04-14
PAT-100938,26-35,27,67,Female,North,Former Smoker,Never,17.5,113.1,False,False,160.7,81.3,2025-03-20
PAT-100939,46-60,48,62,Female,South,Non-Smoker,Daily,15.0,125.9,False,False,195.1,90.4,2024-04-04
PAT-100940,46-60,52,77,Other,East,Non-Smoker,Daily,19.6,125.0,False,False,190.1,94.2,2025-12-10
PAT-100941,60+,64,72,Male,South,Non-Smoker,Weekly,22.0,133.7,True,False,289.1,104.6,2025-04-12
PAT-100942,36-45,45,89,Male,South,Smoker,Weekly,24.0,118.6,False,False,151.1,88.1,2024-04-11
PAT-100943,60+,79,81,Male,South,Former Smoker,Never,21.2,151.9,True,True,197.9,62.2,2025-11-30
PAT-100944,46-60,49,69,Male,East,Non-Smoker,Never,22.4,121.0,False,False,150.0,89.1,2025-02-22
PAT-100945,26-35,26,67,Male,East,Non-Smoker,Never,15.0,125.5,False,False,174.2,86.4,2025-03-18
PAT-100946,18-25,25,50,Female,East,Smoker,Daily,15.0,111.2,True,False,175.1,71.6,2024-02-16
PAT-100947,60+,83,73,Female,North,Non-Smoker,Weekly,24.0,144.9,True,True,228.2,91.2,2024-05-17
PAT-100948,26-35,26,65,Female,South,Non-Smoker,Rarely,22.1,123.2,False,False,172.3,83.9,2025-08-12
PAT-100949,60+,81,41,Female,East,Non-Smoker,Weekly,19.5,144.2,True,True,196.6,70.6,2024-12-07
PAT-100950,36-45,36,71,Male,North,Former Smoker,Rarely,19.1,112.3,False,False,175.9,94.5,2025-03-25
PAT-100951,18-25,24,59,Female,North,Former Smoker,Weekly,15.0,121.0,False,False,143.2,77.2,2025-12-21
PAT-100952,36-45,38,88,Female,South,Smoker,Weekly,16.3,132.9,False,False,169.8,79.9,2024-11-08
PAT-100953,46-60,59,49,Female,East,Non-Smoker,Never,18.3,124.6,False,False,184.2,80.4,2024-10-05
PAT-100954,46-60,46,52,Female,East,Non-Smoker,Weekly,16.6,121.3,False,False,194.0,99.8,2025-08-08
PAT-100955,60+,70,91,Male,North,Non-Smoker,Never,20.9,127.9,False,False,215.8,87.0,2024-02-18
PAT-100956,46-60,58,94,Male,East,Non-Smoker,Weekly,23.4,126.6,False,False,188.4,90.0,2024-11-28
PAT-100957,36-45,44,69,Male,North,Former Smoker,Daily,19.7,135.9,False,True,183.6,81.5,2025-09-16
PAT-100958,46-60,60,70,Male,East,Non-Smoker,Weekly,22.9,121.7,False,False,144.4,94.3,2024-06-15
PAT-100959,60+,83,77,Female,East,Smoker,Weekly,23.1,130.4,False,False,219.1,105.1,2024-08-09
PAT-100960,36-45,45,50,Male,North,Non-Smoker,Rarely,20.3,135.8,False,True,170.6,95.0,2024-12-10
PAT-100961,26-35,28,47,Female,South,Non-Smoker,Daily,15.9,119.3,False,False,208.8,92.8,2024-02-24
PAT-100962,36-45,45,66,Female,West,Non-Smoker,Rarely,18.9,139.1,False,True,231.0,93.6,2024-02-21
PAT-100963,60+,74,96,Male,South,Smoker,Never,27.1,133.6,True,False,194.6,74.7,2024-07-02
PAT-100964,26-35,32,72,Male,East,Non-Smoker,Weekly,16.6,117.2,False,False,156.9,74.4,2025-10-17
PAT-100965,60+,81,71,Female,East,Non-Smoker,Weekly,28.9,135.4,True,True,201.8,89.9,2024-06-10
PAT-100966,46-60,57,83,Female,North,Smoker,Weekly,22.8,129.8,True,False,205.6,80.0,2025-06-17
PAT-100967,46-60,58,103,Male,West,Non-Smoker,Rarely,25.3,116.3,False,False,185.9,77.4,2024-11-07
PAT-100968,36-45,39,71,Male,South,Non-Smoker,Rarely,20.7,126.5,False,False,172.8,65.0,2025-07-09
PAT-100969,60+,79,69,Female,West,Non-Smoker,Daily,26.2,141.0,True,True,218.6,74.6,2024-08-29
PAT-100970,18-25,20,99,Male,South,Non-Smoker,Rarely,23.6,115.7,False,False,198.9,86.1,2025-09-30
PAT-100971,36-45,38,51,Female,East,Former Smoker,Weekly,15.0,114.2,False,False,179.0,83.2,2024-09-27
PAT-100972,46-60,46,90,Male,South,Smoker,Weekly,25.6,119.3,False,False,142.2,80.8,2025-07-31
PAT-100973,46-60,49,65,Male,West,Smoker,Daily,18.4,129.0,False,False,206.4,87.0,2025-08-29
PAT-100974,46-60,49,71,Female,North,Non-Smoker,Never,20.2,114.9,False,False,169.7,81.9,2024-11-11
PAT-100975,26-35,27,67,Female,West,Non-Smoker,Weekly,15.0,117.5,False,False,192.5,97.1,2025-05-01
PAT-100976,26-35,33,58,Female,North,Non-Smoker,Weekly,18.8,134.4,False,False,192.4,84.3,2024-03-27
PAT-100977,18-25,24,66,Male,West,Non-Smoker,Daily,16.3,125.1,False,False,128.5,93.1,2024-12-28
PAT-100978,46-60,56,73,Other,North,Smoker,Rarely,20.9,115.1,False,False,197.2,90.0,2024-09-29
PAT-100979,36-45,41,81,Female,North,Smoker,Weekly,20.0,117.1,False,False,205.7,70.2,2025-11-27
PAT-100980,46-60,55,76,Male,North,Non-Smoker,Weekly,25.8,133.1,False,False,213.6,89.4,2025-11-12
PAT-100981,46-60,57,78,Male,East,Non-Smoker,Weekly,26.3,130.2,True,False,198.6,76.0,2025-07-25
PAT-100982,60+,65,84,Male,South,Former Smoker,Rarely,22.6,120.1,True,False,138.2,87.3,2025-11-23
PAT-100983,46-60,54,58,Female,East,Non-Smoker,Weekly,18.9,128.3,False,False,232.5,77.4,2025-12-13
PAT-100984,60+,61,86,Male,West,Non-Smoker,Never,21.6,129.2,True,False,208.6,92.5,2025-07-14
PAT-100985,46-60,57,79,Female,North,Non-Smoker,Weekly,24.2,144.8,False,True,159.0,73.4,2025-03-09
PAT-100986,60+,61,109,Male,East,Non-Smoker,Weekly,24.4,129.0,False,False,172.7,89.8,2024-05-29
PAT-100987,46-60,59,65,Other,East,Smoker,Never,18.8,136.3,False,True,202.6,93.1,2025-08-18
PAT-100988,36-45,39,72,Male,South,Non-Smoker,Never,21.9,111.7,True,False,210.1,99.0,2024-05-21
PAT-100989,26-35,34,79,Female,West,Non-Smoker,Weekly,18.7,109.9,False,False,173.6,77.0,2024-05-15
PAT-100990,60+,70,87,Male,East,Non-Smoker,Never,23.1,139.1,False,True,223.8,89.1,2025-10-04
PAT-100991,36-45,40,71,Male,North,Non-Smoker,Rarely,15.5,127.0,False,False,136.2,86.5,2024-03-24
PAT-100992,46-60,54,65,Female,East,Non-Smoker,Weekly,21.3,119.0,False,False,162.9,106.3,2024-04-13
PAT-100993,26-35,31,76,Female,South,Non-Smoker,Never,24.4,120.7,False,False,125.4,71.9,2025-01-08
PAT-100994,46-60,46,60,Female,North,Smoker,Rarely,20.3,112.2,False,False,164.9,76.2,2025-03-02
PAT-100995,46-60,53,73,Male,West,Non-Smoker,Weekly,24.1,126.6,False,False,239.1,123.1,2024-02-03
PAT-100996,46-60,59,71,Female,North,Former Smoker,Rarely,18.5,133.4,True,False,257.4,82.8,2024-10-03
PAT-100997,46-60,53,81,Female,North,Smoker,Weekly,22.0,123.3,False,False,200.9,65.5,2024-06-13
PAT-100998,36-45,42,62,Female,North,Non-Smoker,Daily,16.1,117.4,False,False,171.4,77.7,2024-08-08
PAT-100999,60+,82,55,Male,West,Smoker,Never,19.5,126.4,True,False,196.0,53.5,2024-05-12
PAT-101000,46-60,52,47,Female,East,Smoker,Rarely,19.2,119.5,False,False,207.8,89.4,2025-05-09
